"site","org","region","country","state","suborg","site_type","incident_url","case_number","status","severity","potential_severity","recordable","creator","created_at","updated_at","is_primary_incident","sub_event_type","sub_event_type_details","incident_date","incident_time","date_reported","time_reported","last_update_to_recordability","last_update_to_severity","map_external_service","map_external_service_id","initial_info_risk_assessment_category","initial_info_risk_assessment_group","initial_info_risk_assessment_hazard","initial_info_risk_assessment_likeliness","initial_info_risk_assessment_severity","initial_risk_assessment_criticality","initial_risk_assessment_likeliness","initial_risk_assessment_severity","post_risk_assessment_criticality","post_risk_assessment_likeliness","post_risk_assessment_severity","initial_info_phase_status","initial_info_updated_at","initial_info_contractor_firm_related","investigation_contractor_firm","initial_info_contractor_type","initial_info_contractor_department","initial_info_employee_occupation","initial_info_agency_name","initial_info_incident_description","initial_info_fire_description","initial_info_fire_extinguished_by","initial_info_fire_hose_used","initial_info_fire_number_of_fire_hoses_used","initial_info_incident_location","initial_info_site_alarm_activated","initial_info_fire_site_emergency_response_activated","initial_info_fire_sprinkler_system_activated","initial_info_shift","initial_info_shift_start_time","initial_info_manager_supervisor_alias","investigation_phase_status","investigation_updated_at","investigation_witness_statements_available","investigation_witness_statements_description","investigation_documentation_activity_or_processes","investigation_documentation_associate_or_personal","investigation_documentation_equipment","investigation_documentation_policies_upload","investigation_documentation_standards_policies","investigation_evidence_near_incident_location","investigation_evidence_near_incident_location_description","investigation_object_substance_involved","investigation_primary_object_type","investigation_secondary_object_type","investigation_photos_available","investigation_recreation_photos_available","investigation_tools_or_equipment_condition","investigation_tools_or_equipment_condition_description","investigation_primary_impact","investigation_secondary_impact","investigation_video_footage_available","rca_phase_status","rca_updated_at","rca_primary_cause","rca_root_cause_variant","rca_root_cause_other","rca_contributing_factor_category","rca_contributing_factor_human_behaviour","rca_contributing_factor_org_process","rca_contributing_factor_org_workplace","rca_contributing_factor_tech_equipment","rca_contributing_factor_tech_material","rca_contributing_factorhuman_leadership","rca_external_analysis_link","rca_comments","badge_color"
"HDC3","AMZL","NA","US","Pennsylvania","AMZL-NA-R2L","SSD DC","https://NA.ehs-amazon.com/incidents/incident/827a616c-d0e5-4c1c-aca0-8eccef9d493d/summary","HDC3-26-88","CLOSED","PENDING","B",0,"maffemar","2026-03-08 10:19:30.037","2026-03-09 19:51:33.131",1,,"Machinery","2026-03-07 00:00:00","2026-03-08T03:43:00Z","2026-03-07 00:00:00","2026-03-08T03:45:00Z","2026-03-08 10:19:30.037","2026-03-08 10:19:30.037","Austin",,"Fire and Explosion Hazard","Safety","Fire","HIGHLY_UNLIKELY","SIGNIFICANT","LOW","HIGHLY_UNLIKELY","SIGNIFICANT",,,,"COMPLETED","2026-03-09 19:51:32.156","No One",,,,,,"SSD-DC- HDC3 (Thermal Event, corrugate auger) On 3/7/2026, at approximately 2242 hrs, a burning odor was detected in the trash compactor / corrugate auger area. Operations and Safety personnel responded to assess the situation. Smoke was observed coming from the compactor system, and an attempt was made to suppress the fire using a portable fire extinguisher; however, the fire continued to produce smoke. Due to increasing smoke and visible fire conditions, the decision was made to activate the site fire alarm and initiate a full building evacuation. All associates evacuated in accordance with emergency procedures and reported to designated assembly areas where headcounts were conducted and all personnel were accounted for. The local Fire Department responded, extinguished the fire within the compactor system, and cleared the scene. Following fire suppression activities, a site Safety Specialist conducted air quality monitoring within the facility prior to resumption of normal operations.
Timeline of Events:
•	2242 hrs – Burning odor detected in trash compactor / corrugate auger area.
•	2243 hrs – Operations and Safety personnel notified and responded to the location.
•	2245 hrs – Smoke observed; attempt made to extinguish fire using portable fire extinguisher.
•	2247 hrs – Fire and smoke conditions further assessed from top of auger / compactor system.
•	2248 hrs – Decision made to activate facility fire alarm and initiate evacuation.
•	2249 hrs – Fire alarm activated; building evacuation in progress.
•	2259 hrs – Fire Department arrived on scene.
•	~2315 hrs- Evacuation complete; all personnel at designated assembly areas.
•	2320 hrs – Fire suppressed within compactor system.
•	2323 hrs – Fire Department cleared the scene and departed facility.
•	2330 hrs – Facility cleared for re-entry. 
•	Between 2330 and 0130:
      -  Safety Specialist on site conducted air quality monitoring inside the breakroom, generating safe CO and CO2 concentration in the air.  
     - Associates brought inside to main breakroom. 
   ","Auger / Trash Compactor initially ignited the fire.","Employee","True","0 to 3","Outbound Dock","True","True","False",,,,"COMPLETED","2026-03-08 10:37:07.361","False",,"False","False","False",,"False","False",,"False",,,"False","False","False",,"Emergent Health Event","Emergent Health Event","True",,,,,,,,,,,,,,,
"HDC3","AMZL","NA","US","Pennsylvania","AMZL-NA-R2L","SSD DC","https://NA.ehs-amazon.com/incidents/incident/ac207768-532e-4269-999e-04f84ac9ded2/summary","HDC3-23-84","CLOSED","PENDING","B",0,"stockda","2023-09-08 17:05:07.884","2025-02-06 21:05:41.773",0,,"Flammable Liquid","2023-09-07 00:00:00","2023-09-09T02:55:00.311Z","2023-09-07 00:00:00","2023-09-09T03:15:00.851Z","2023-09-08 17:05:07.884","2023-09-08 17:05:07.884","Austin",,"Thermal","Safety","Fire/Flame","HIGHLY_UNLIKELY","SIGNIFICANT","LOW","HIGHLY_UNLIKELY","SIGNIFICANT","LOW","HIGHLY_UNLIKELY","SIGNIFICANT","COMPLETED","2025-02-06 21:44:19.622","No One",,,,,,"Video footage shows that at 10:55:34 the 3rd regulator on the right side of the propane tank ruptured, visible flare up can be seen.  Guard shack officer is notified at 11:10 by a truck driver that there was an open flame up by the front entrance of the road.  Security notifies a manager at 11:30 pm.  Ops Manager and Security notify CBRE to check it out at 12:00 am  per security incident report.    Attempting to locate the source of the flame CBRE initially went to the hydrogen tank (located at the opposite side of the building) not seeing any flames they realized that it was the propane tank.  At 12:13 am CBRE informs security that there was a fire near the propane tank and to notify the authorities.  (11 was contacted at 12:13 am.  Police and fire department arrived on scene at 12:21 am.  Cleared the premises at 01:12 am.  Building evacuation commenced at 12:10 am, all clear issued by the fire department at 01:10 hrs.  Penn Valley Systems was contacted and arrived at the site at 3:27 am. The dispatched tech explained that there are 2 lines that feed the regulator tanks. The tanks transpose the liquid propane supply to gas. There is a main regulator line that has an emergency shut off button and a back up line that feeds the regulator tanks that is all manually shut off. The 3 regulator tanks have an electrical pilot lighting system.  Technician shut off all valves supplying the three regulator tanks, on both supply lines. After the tanks there are also two supply lines to the building. Technician drained and bled both supply lines to the building. Lastly the technician shut off the actual supply feed valve right at the building and verified no gas pressure. The tech will be contacting Hiltz propane systems to ensure that they will be coming out to determine cause","Undetermined at this time pending further investigation however it is believed that  a fitting came loose which allowed propane to seep through flowing down to the vent which acted as the gas source and in turn ignited due to the proximity of the vapor flame.","Other","False",,"Yard","True","True","False",,,,"COMPLETED","2025-02-06 22:00:57.585","False",,"False","False","False",,"False","False",,"False",,,"True","False","False",,"Exposure to or contact with","Fire or flame","False","COMPLETED","2025-02-06 22:00:47.666","Equipment damage","Other","It is suspected that a fitting came loose which allowed propane to seep through, which flowed down to the vent which acted as the gas source and in turn ignited because of the proximity of the vapor flame.  ","Technical - Equipment",,,,"Fire and explosion hazards",,,,"N/A",
"HDC3","AMZL","NA","US","Pennsylvania","AMZL-NA-R2L","SSD DC","https://NA.ehs-amazon.com/incidents/incident/ccb030e9-159b-470f-b2fa-64137af82059/summary","HDC3-24-256","CLOSED","PENDING","C",0,"stockda","2024-10-09 05:16:48.050","2025-02-06 21:05:35.790",1,,"Flammable Liquid","2024-10-08 00:00:00","2024-10-08T23:02:00Z","2024-10-08 00:00:00","2024-10-08T23:17:00Z","2024-10-09 05:16:48.050","2024-10-09 05:16:48.050","Austin",,"Thermal","Safety","Fire/Flame","UNLIKELY","MINOR","LOW","UNLIKELY","MINOR","LOW","UNLIKELY","MINOR","COMPLETED","2025-02-06 21:56:21.315","No One",,,,,,"Incident Description_ SSD_DC – HDC3 (FIRE) – On 10/8/2024 at approximately 1917 hrs a concerned citizen approached the security desk to report that there was a fire at the propane tank and that they had contacted 911.  Law enforcement and Bethel Fire Department arrived on scene at approximately 1919 hrs.  Fire was visible by site leadership and the fire alarm was pulled by RME at 1915 hrs and an evacuation of the building ensued. Operations were resumed at 1950 hrs.  Fire was extinguished at 1936 hrs and cleared the scene at 1956 hrs.  All associates, visitors and contractors were accounted for.  No damage to building and no injuries as a result of the event. GSOC contacted. 
Recordability Rationale_ - N/A – fire/thermal event 
Training – N/A
Root Cause_ -Upon further investigation it was found that the regulator on vaporizer #1 failed.  Video footage shows a spray of propane gas shortly before ignition.  Vendor (Hiltz Propane) arrived on scene at 2230 hours and verified that the regulator had failed and as the propane leached from the valve the vaporizer ignited when it made contact with the pilot flame.  The design of the valve points downward causing the vapor to dissipate down towards the pilot light.   
Corrective Action_ 1.  RME to get quote to pipe relief valves away from the vaporizer (owner qumorgar, ECD- 10/16/2024), 2.  RME to explore possibility of having LEL detectors installed near propane tank and vaporizer area.  (owner: qumorgar, ECD – 10/16/2024), 3.  RME to obtain quote to replace vaporizer (owner: qumorgar, ECD – 10/16/2024)  4.  RME to obtain quote and explore possibility of replacing existing vaporizers with electric model (Owner: qumorgar, ECD 10/16/2024, 5.  Partner with security/LP to put a process in place to open fenced in Rally Point Area, (owner: hwwagone, ECD – 10/14/2024), 6.  Create webhook in manager slack whereby managers need to put a snip of their updated rally point app to show that they have updated their app (Owner: ttkania, ECD- 10/14/2024) 
SGT – N/A
ADAPT – N/A

","Regulator failure on vaporizer #1 of propane tank.  Venting of propane gas from failed regulator are directed down towards pilot light causing ignition.","Other","False",,"Outdoor Areas","True","True","False",,,,"COMPLETED","2025-02-06 22:00:51.177","False",,"False","False","False",,"False","False",,"False",,,"True","False","False",,"Natural","Bushfire","True","COMPLETED","2025-02-06 22:00:23.357","Inadequate engineering or design","Inadequate technical design",,"Technical - Equipment",,,,"Fire and explosion hazards",,,,"N/A",
"HDC3","AMZL","NA","US","Pennsylvania","AMZL-NA-R2L","SSD DC","https://NA.ehs-amazon.com/incidents/incident/f4842b1a-1c48-4e98-9bf0-d9497bccf214/summary","HDC3-25-313","CLOSED","PENDING","C",0,"stockda","2025-08-11 01:45:49.632","2025-08-21 15:47:46.790",1,,"Waste","2025-08-10 00:00:00","2025-08-10T19:00:00Z","2025-08-10 00:00:00","2025-08-10T19:01:00Z","2025-08-11 01:45:49.632","2025-08-11 01:45:49.632","Austin",,"Thermal","Safety","Fire/Flame","UNLIKELY","MINOR","LOW","UNLIKELY","MINOR","LOW","UNLIKELY","MINOR","COMPLETED","2025-08-11 14:40:09.592","No One",,,,,,"Incident Description: SSD-DC HDC3 (Fire)  At approximately 1500 hrs, a fire started in the corrugate auger. The site fire alarm was activated, and an evacuation was initiated. The local Fire Department was contacted at 1505 hrs and arrived at 1515 hrs. The fire was extinguished; however, smoke and odor persisted inside the facility.
All associates evacuated and accounted for.  Electrolytes were provided due to 90°F heat. The Fire Department was contacted and asked to return to conduct air quality readings; no hazardous levels were detected.  

Root Cause:  No root cause was established - The Fire Department sifted through the burned corrugate but did not find any batteries, metals, or other potential ignition sources. The site is awaiting a full report from the vendor to determine if the augers may have become bound by excessive cardboard, creating friction that ignited the material.

","Unknown at this time as to how the fire started, investigation is ongoing","Other","False",,"Other","True","True","False",,,,"COMPLETED","2025-08-11 16:11:20.032","False",,"False","False","False",,"False","False",,"True","Debris","Dust","False","False","False",,"Environmental","Air emission/pollution","True","COMPLETED","2025-08-11 14:57:31.856","Inadequate maintenance","Inadequate preventive maintenance",,"Technical - Equipment",,,,"Fire and explosion hazards",,,,"N/A",
"HGA6","AMZL","NA","US","Georgia","AMZL-NA-R2L","SSD DC","https://NA.ehs-amazon.com/incidents/incident/1207b5e2-89af-4583-915d-223f46e34a5a/summary","HGA6-24-242","CLOSED","PENDING","D",0,"chymerr","2024-08-22 04:18:43.632","2025-02-06 20:49:21.890",0,,"Waste","2024-08-22 00:00:00","2024-08-23T04:00:00.751Z","2024-08-22 00:00:00","2024-08-23T04:00:00.218Z","2024-08-22 04:18:43.632","2024-08-22 04:18:43.632","Austin",,"Incident Reporting & Investigation","Management Standards","None","HIGHLY_UNLIKELY","NEGLIGIBLE","NEGLIGIBLE","HIGHLY_UNLIKELY","NEGLIGIBLE",,,,"COMPLETED","2025-02-06 21:40:31.679","No One",,,,,,"This is a case that was submitted in error. It will be sun","n/a","Employee","False",,"Driveway","False","False","False",,,,,,,,,,,,,,,,,,,,,,,,,,,,,,,,,,,,,,,
"HGA6","AMZL","NA","US","Georgia","AMZL-NA-R2L","SSD DC","https://NA.ehs-amazon.com/incidents/incident/348aa0b3-5653-4d7b-af25-3b74c9d830fa/summary","HGA6-25-567","CLOSED","PENDING","C",0,"clrea","2025-12-13 07:31:01.958","2026-01-26 15:28:10.414",1,,"Battery","2025-12-12 00:00:00","2025-12-11T04:10:00Z","2025-12-12 00:00:00","2025-12-13T04:10:00.000Z","2025-12-13 07:31:01.958","2025-12-13 07:31:01.958","Austin",,"Work Environment","Safety","Housekeeping","POSSIBLE","MINOR","MEDIUM","POSSIBLE","MINOR","MEDIUM","POSSIBLE","MINOR","COMPLETED","2025-12-13 08:18:12.825","No One",,,,,,"On 12/12/2025 at approximately 11:10 pm Operations were alerted that there was a strong smell of something burning in aisle 126-127 or 130-131. The WHS Specialist was called to respond, and the indicated aisles were walked by Operations Managers and WHS resulting in no findings.  Another associate rolling past mentioned a strong odor in aisles 134-135. Aisles 132-133, 134-135 and 136-137 were blocked off patrolled and the source of the odor was found in aisles 134-135 alongside the 134/135/340 racking area. Further investigation indicated that a piece of PIT equipment had struck the box with the (ASIN) Hello baby happy baby monitors. There were only two of the Hello baby happy monitors that were damaged enough to destroy the casing surrounding the lithium battery contained within the monitor.  The packaging for each individual system prevented the lithium battery from burning further than outside the packaging itself. Resulting in the smell of the cardboard packaging which was initially observed. The two damaged monitors containing the lithium battery were recovered and taken to the HAZMAT cage for proper disposal. The Remaining  items in the two individual packages were taken to STOW problem solve.","OOP struck a box containing lithium components","Other","False",,"VNA (Very Narrow Aisle)","False","False","False",,,,"COMPLETED","2025-12-13 08:36:32.914","False",,"False","False","False",,"False","False",,"True","PIT","Order picker","True","False","False",,"Struck by or against","Falling/flying objects","False","COMPLETED","2025-12-13 08:52:55.723","Inadequate or missing standards or procedures","Inadequate enforcement of procedures",,"Organizational - Process",,"Improper instruction, guidance or direction",,,,,,"N/A",
"HGA6","AMZL","NA","US","Georgia","AMZL-NA-R2L","SSD DC","https://NA.ehs-amazon.com/incidents/incident/6d8c490f-d926-48af-a852-188f9de6a8fe/summary","HGA6-25-412","CLOSED","PENDING","B",0,"shaybw","2025-09-16 13:40:36.454","2025-09-16 13:46:53.114",1,,"Waste","2025-09-14 00:00:00","2025-09-14T07:18:00Z","2025-09-15 00:00:00","2025-09-15T07:20:00Z","2025-09-16 13:40:36.454","2025-09-16 13:40:36.454","Austin",,"Fire and Explosion Hazard","Safety","Fire","UNLIKELY","SIGNIFICANT","MEDIUM","UNLIKELY","SIGNIFICANT",,,,"COMPLETED","2025-09-16 13:46:52.121","No One",,,,,,"On September 14, 2025 at approximately 03:18 a.m. the site RME team responded to a fire that occurred inside of the Cardboard Auger. The fire began as a result of overfilling the auger. 
The team responded by attempting to control the flames using a total of 11 fire extinguishers. During this time, the site also contacted emergency services; which arrived at approximately 03:40 a.m. The fire was able to be contained until Union City Fire arrived. The site was evacuated and there were no reported injuries.","Cardboard Auger was overfilled with cardboard, leading to the auguer having to overwork, which caused the fire.","Employee","False",,"Outbound Dock","True","True","False",,,,,,,,,,,,,,,,,,,,,,,,,,,,,,,,,,,,,,,
"HGA6","AMZL","NA","US","Georgia","AMZL-NA-R2L","SSD DC","https://NA.ehs-amazon.com/incidents/incident/b4e8db73-4334-49bb-9c11-47d343256b56/summary","HGA6-25-297","CLOSED","PENDING","B",0,"duplanca","2025-07-14 07:53:15.561","2025-07-16 03:36:49.841",1,,"Battery","2025-07-13 00:00:00","2025-07-13T06:51:00Z","2025-07-13 00:00:00","2025-07-13T06:55:00Z","2025-07-14 07:53:15.561","2025-07-14 07:53:15.561","Austin",,"Noise_Vibration_Work_Environment","Health","Combustible material","POSSIBLE","SIGNIFICANT","SUBSTANTIAL","POSSIBLE","SIGNIFICANT","SUBSTANTIAL","POSSIBLE","SIGNIFICANT","COMPLETED","2025-07-14 08:21:14.625","No One",,,,,,"On 07/13/2025 at 2:55am it was reported to WHS that there was a fire located in ICQA that started at 2:51am behind the leadership desk on the bakers rack that facilitated hand scanners and batteries. 2 minutes after the fire occurred at 2:53am, an associate safety committee member attempted to extinguish the fire using a fire extinguisher but was unsuccessful. At 2:55am WHS arrived on scene to attempt to extinguish the fire also with a fire extinguisher but was unsuccessful as well. WHS then pulled the fire alarm at 2:56am which initiated the sprinkler system which contain the fire until the Fire Department arrived onsite at 3:10am and to the scene of the fire at 3:13am where the fire was finally extinguished. During the event all AAs were evacuated out of the building and no injuries were sustained. During the initial investigation; reviewing camera footage, it was found the a battery on the front end of the bottom right hand corner of the bakers rack had ruptured. Although this was observed through the use of camera footage, root cause is yet to be determined as further investigation is still required. This investigation will be updated as new details arise.","ruptured battery","Employee","False",,"ICQA","True","True","True",,,,"COMPLETED","2025-07-14 08:33:58.381","False",,"False","False","False",,"False","False",,"True","Electronic equipment","Batteries","False","False","False",,"Exposure to or contact with","Fire or flame","True","COMPLETED","2025-07-14 08:44:11.981","Equipment damage","Other","Root cause is unkown but case will be updated as soon as new details surface from DRI team","Technical - Equipment",,,,"Fire and explosion hazards",,,,"N/A",
"HGA6","AMZL","NA","US","Georgia","AMZL-NA-R2L","SSD DC","https://NA.ehs-amazon.com/incidents/incident/dcec59c6-8479-4803-bc63-52ea80aceaef/summary","HGA6-24-168","CLOSED","PENDING","B",0,"loganph","2024-06-12 15:43:06.572","2025-02-06 20:49:21.910",0,,"Waste","2024-06-11 00:00:00","2024-06-12T06:29:00.950Z","2024-06-11 00:00:00","2024-06-12T06:30:00.991Z","2024-06-12 15:43:06.572","2024-06-12 15:43:06.572","Austin",,"Equipment_Mechanical","Safety","Other","HIGHLY_UNLIKELY","SIGNIFICANT","LOW","HIGHLY_UNLIKELY","SIGNIFICANT","LOW","HIGHLY_UNLIKELY","SIGNIFICANT","COMPLETED","2025-02-06 21:40:29.614","No One",,,,,,"SSD-DC – HGA6 (Serious Incident Near Miss, Fire) SSD-DC – HGA6 (Serious Incident Near Miss, Fire)- On 6/11/2024 at 2:27 PM , WHS was notified of smoke coming from the cardboard auger. Shortly after responding to the incident the fire alarm was activated and the site was evacuated. Upon further investigation it was found that the auger was stuffed with carboard at 100% fullness.  As the auger began to spin after placing more cardboard in it, it caused friction between the compact carboard and the auger which caused it to heat up. The combination of the heat from the carboard and the outside temperature caused a fire to start in the container. After the investigation, it was found that all Waste Management containers flag at 75% fullness in which the company is notified to come on site and change the containers. In this case, Waste Management had not yet been on site to change the containers. It was also found that the cardboard conveyors from the UIS lane don't run automatically once it hits this threshold. However, in this case 10 minutes before the fire started an AA from ABM was standing holding the override button on the side of the auger which caused the machine to run even though it was 100% full.","Auger Cardboard Caught Fire","Other","False",,"Yard","True","True","False",,,,"COMPLETED","2025-02-06 21:45:22.644","False",,"False","False","False",,"False","False",,"False",,,"True","False","False",,"Environmental","Waste management","False","COMPLETED","2025-02-06 21:47:22.998","Inadequate maintenance","Inadequate reparative maintenance",,"Organizational - Workplace",,,"Fire and explosion hazards",,,,"N/A","N/A",
"HMD3","AMZL","NA","US","Maryland","AMZL-NA-R2L","SSD DC","https://NA.ehs-amazon.com/incidents/incident/88029a77-38e1-4b6c-82d6-5ec1e4a42929/summary","HMD3-25-4","CLOSED","PENDING","D",0,"ryanpew","2025-01-06 01:50:30.539","2025-02-06 20:50:56.523",1,,"Vehicle","2025-01-05 00:00:00","2025-01-05T21:20:00Z","2025-01-05 00:00:00","2025-01-05T21:21:00Z","2025-01-06 01:50:30.539","2025-01-06 01:50:30.539","Austin",,"Motorized_Vehicle_Operation","Safety","Other","HIGHLY_UNLIKELY","NEGLIGIBLE","NEGLIGIBLE","HIGHLY_UNLIKELY","NEGLIGIBLE","NEGLIGIBLE","HIGHLY_UNLIKELY","SIGNIFICANT","COMPLETED","2025-02-06 21:53:21.412","No One",,,,,," On 01/05/2025 at approximately 16:20 AA was on break inside of another AA's care. The AA had left their vehicle running and got into another AA's care in the next spot over. While the AA's were hanging out in their vehicle the driver of the second vehicle pointed out to the AA that their car was smoking. The AA got out of the neighboring vehicle and opened their car door, causing the smoke to turn to fire. The AA went back to the car to attempt to retrieve belongings on at least two occasions causing burns to both of their hands. Several AA's called 911 when the fire began. When medical showed up on site at approximately 1630 they determined the AA should be flown out and the AA was transported to John's Hopkins. ","No cause of fire reported at this time","Fire Watch","False",,"Parking Lot","False","False","False",,,,"COMPLETED","2025-02-06 21:58:48.279","True","(HMD3-25-4) ","False","False","False",,"False","False",,"False",,,"False","False","False",,"Exposure to or contact with","Fire or flame","False","COMPLETED","2025-02-06 21:58:48.237","Equipment damage","Other","NA ","Human - Behaviour","Using defective equipment, vehicle",,,,,,,"N/A",
"HNE1","AMZL","NA","US","New Jersey","AMZL-NA-R2L","SSD DC","https://NA.ehs-amazon.com/incidents/incident/686d7626-137a-463b-906e-1de26994b8b9/summary","HNE1-24-101","CLOSED","PENDING","D",0,"nokwudi","2024-06-26 16:53:08.731","2025-02-06 20:50:48.453",0,,"Machinery","2024-06-25 00:00:00","2024-06-26T13:54:00.635Z","2024-06-25 00:00:00","2024-06-26T13:45:00.541Z","2024-06-26 16:53:08.731","2024-06-26 16:53:08.731","Austin",,"Corrective Actions","Management Standards","None","UNLIKELY","MINOR","LOW","UNLIKELY","MINOR","LOW","UNLIKELY","MINOR","COMPLETED","2025-02-06 21:54:38.998","No One",,,,,,"SSD-DC – HNE1 (Serious Incident Near Miss, Fire) SSD-DC – HNE1 (Serious Incident Near Miss, Fire)-On June 25, 2024, at approximately 09:54 AM EST, the site safety team was alerted to a fire involving the cardboard compactor auger at OB Dock 145. The fire alarm was promptly activated, and a site-wide evacuation was carried out to ensure the safety of all personnel.
Upon investigation, it was determined that the root cause of the fire was not related to the compactor container being at full capacity. At 9:15 AM, the compactor container was only at 20% capacity, holding approximately 3,200 lbs of material, whereas its full capacity is 16,000 lbs. Further investigation revealed that the previous container had been replaced with an empty one at approximately 6:00 AM. The delay in replacing the full container on time led to a significant backlog of cardboard shuttle containers.

Due to this delay, ABM associates had staged and piled up more than 35 cardboard shuttle containers, awaiting the emptying of the compactor container. Once the container was emptied at 6:00 AM, the associates began disposing of the accumulated cardboard into the compactor auger from 6:55 AM through 9:54 AM. Additional cardboard from HNE1 and LGA5 continued to be disposed of, exacerbating the situation.
The continuous disposal of a large volume of cardboard without allowing the compactor auger to cool down resulted in the equipment overheating. This overheating caused fire friction, igniting the cardboard and leading to the fire incident.

The root cause of the incident has been identified as fire friction due to the excessive use of the compactor auger for more than three hours without a cooling period. This was a direct consequence of the backlog created by the delayed replacement of the full compactor container.","There was a friction fire caused by the augers due to the overuse of the compactor auger without allowing it to cool down","Contractor","False",,"Outbound Dock","True","True","False",,,,"COMPLETED","2025-02-06 21:54:41.484","False",,"False","False","False",,"False","False",,"False",,,"True","False","False",,"Environmental","Waste management","False","COMPLETED","2025-02-06 21:54:41.532","Inadequate purchasing or contractor management","Improper materials management",,"Technical - Equipment",,,,"Fire and explosion hazards",,,,"N/A",
"SAX1","AMZL","NA","US","California","AMZL-NA-R2L","SSD FC","https://NA.ehs-amazon.com/incidents/incident/394a109d-cbda-4e51-8194-13224e294a66/summary","SAX1-25-176","CLOSED","PENDING","C",0,"sharanit","2025-06-03 23:38:51.884","2026-01-26 22:01:52.124",1,,"Waste","2025-06-03 00:00:00","2025-06-03T22:15:00Z","2025-06-03 00:00:00","2025-06-03T22:35:00Z","2025-06-03 23:38:51.884","2025-06-03 23:38:51.884","Austin",,"Thermal","Safety","Fire/Flame","HIGHLY_UNLIKELY","MINOR","NEGLIGIBLE","HIGHLY_UNLIKELY","MINOR","NEGLIGIBLE","HIGHLY_UNLIKELY","MINOR","COMPLETED","2025-06-04 01:03:50.254","No One",,,,,,"At approximately 15:15, a PA informed the OM of a small fire in the flex parking lot. The Fire Department and GSOC were immediately notified. The Fire Department arrived at 15:18 and extinguished the fire, which originated in a drain—potentially caused by a dropped cigarette. LP/Security is reviewing footage to confirm. As AAs were on lunch, no shelter-in-place was required, and there was no operational impact. The Fire Department cleared the site at 15:35.","Cigarette by DP was dropped into drain without putting it out","Employee","False",,"Onsite Parking Lot","False","False","False",,,,"COMPLETED","2025-06-04 01:17:30.366","False",,"False","True","False",,"False","False",,"False",,,"False","False","False",,"Natural","Bushfire","False","COMPLETED","2025-06-04 01:27:49.018","Inadequate or missing standards or procedures","Other","Missing Equipment and Signage","Human - Behaviour","Failure to properly dispose of waste",,,,,,"https://na.ehs-amazon.com/incidents/group/SAX1-25-GROUP-126/incident/SAX1-25-176/rca","Site does not have outdoor ash trays in the flex parking lot. No signage for littering.",
"SAX2","AMZL","NA","US","California","AMZL-NA-R2L","SSD FC","https://NA.ehs-amazon.com/incidents/incident/b17f63c0-e945-41e1-b1a8-9fc296ca39b5/summary","SAX2-25-269","CLOSED","PENDING","C",0,"ntalm","2025-07-19 06:00:37.048","2025-07-19 06:17:52.551",1,"Hot work","Vegetation","2025-07-18 00:00:00","2025-07-18T07:00:00Z","2025-07-18 00:00:00","2025-07-19T05:05:00Z","2025-07-19 06:00:37.048","2025-07-19 06:00:37.048","Austin",,"Thermal","Safety","Fire/Flame","UNLIKELY","MINOR","LOW","UNLIKELY","MINOR",,,,"COMPLETED","2025-07-19 06:17:51.591","No One",,,,,,"At approximately 22:05 ABM worker was outside saw smoke coming from entrance of parking lot. ABM worker immediately reported to security which notified Operations. At 22:15 operations and RME responded to which a small fire and flames coming from bushes and dry dirt at entrance of parking lot. Fire was extinguished by RME at approximately 2225. GSOC notified and Corona Fire department dispatched to sight. Fire department on scene at 2235 and hosed down area from catching further flames. No injuries reported during event. No damage to property. Fire department truck ID: Corona Engine #2","At 22:05 AMB contracter reported to securtity flames outside near the entrance in the parking lot. Unknown cause of fire, Security currently reviewing footage.","Contractor","True","0 to 3","Onsite Parking Lot","False","False","False",,,,,,,,,,,,,,,,,,,,,,,,,,,,,,,,,,,,,,,
"SAX2","AMZL","NA","US","California","AMZL-NA-R2L","SSD FC","https://NA.ehs-amazon.com/incidents/incident/d4cfa465-9aa9-4e2e-9ca7-0d2e5351d988/summary","SAX2-25-284","CLOSED","PENDING","C",0,"rrandall","2025-08-02 01:41:38.212","2025-08-02 01:52:26.768",1,,"Vegetation","2025-08-01 00:00:00","2025-08-01T22:49:00Z","2025-08-01 00:00:00","2025-08-01T22:51:00Z","2025-08-02 01:41:38.212","2025-08-02 01:41:38.212","Austin",,"Thermal","Safety","Fire/Flame","UNLIKELY","MINOR","LOW","UNLIKELY","MINOR",,,,"COMPLETED","2025-08-02 01:52:25.786","No One",,,,,,"At approximately 15:49, Security reported smoke coming from entrance of parking lot. Security notified Operations immediately. At 15:51 Operations and RME responded to a small fire and flames coming from bushes and dry dirt at entrance of parking lot. Fire was extinguished by RME at approximately 16:01. GSOC notified and Corona Fire department dispatched to sight. Fire department on scene at 16:01 and hosed down area from catching further flames. No injuries reported during event. No damage to property. Fire Fighter contact info: daniel.fagan@coronaca.gov","At approximately 15:49, Security reported smoke coming from entrance of parking lot. Security notified Operations immediately. At 15:51 Operations and RME responded to a small fire and flames coming from bushes and dry dirt at entrance of parking lot. Fire was extinguished by RME at approximately 16:01. GSOC notified and Corona Fire department dispatched to sight. Fire department on scene at 16:01 and hosed down area from catching further flames. No injuries reported during event. No damage to property. Fire Fighter contact info: daniel.fagan@coronaca.gov","Contractor","True","0 to 3","Onsite Parking Lot","False","False","False",,,,,,,,,,,,,,,,,,,,,,,,,,,,,,,,,,,,,,,
"SAX3","AMZL","NA","US","California","AMZL-NA-R2L","SSD FC","https://NA.ehs-amazon.com/incidents/incident/6e4d16d9-84d1-4e8b-9df5-1d28dd5c92a3/summary","SAX3-23-163","CLOSED","A","A",0,"amiguec","2023-09-28 19:21:43.588","2025-02-06 20:51:00.200",0,,"Electrical","2023-09-28 00:00:00","2023-09-28T19:15:00.928Z","2023-09-28 00:00:00","2023-09-28T19:22:00.955Z","2023-09-28 19:21:43.588","2023-09-28 19:44:33.116","Austin",,"Electrical","Safety","High voltage","LIKELY","EXTENSIVE","CRITICAL","LIKELY","EXTENSIVE","NEGLIGIBLE","LIKELY","NEGLIGIBLE","COMPLETED","2025-02-06 21:47:44.164","No One",,,,,,"No actual fire or Smoke, The issue identified was inside a Hyster Charger during a Contractor visit, RME Maintenance Technicians Miguel Castillo (Amiguec) requested if a Charger rear panel could be checked due to the panel being loose, when the Contractor isolated power and he removed the loose panel, RME Maintenance technician Identified there was extensive damage inside the panel due to arching fire, the Charger was immediately LOTO to secure immediate Hazard and an immediate request for the Vendor to check all the other panels was requested, during the Inspection of the remaining charging station it was discovered that another charger was in the early stages of catching fire as well due to the burn marks around the metal and hardware that appears to be loose. both charger have been LOTO and RME Leadership and Operations Leadership have been informed about the event. ","loose hardware inside Hyster charger, identified by RME MT AMIGUEC","Contractor","False",,"Very Narrow Aisle (VNA)","False","False","False",,,,"COMPLETED","2025-02-06 21:56:06.270","False",,"False","False","False",,"False","False",,"True","Chargers","3.1 Chargers","True","False","True","Order Picker Charger is Locked Out and red tagged until Hyster Technicians receive parts and arrive at SAX3 to repair the burned diodes leading from the high Power transformer to the charging cables.","Exposure to or contact with","Fire or flame","False","COMPLETED","2025-02-06 21:56:14.676","Inadequate or missing standards or procedures","Inadequate implementation of procedure",,"Human - Behaviour","Deviation from defined process / Drift (Procedure, SOP, PMV/PtW)",,,,,,,"Submitted by operations for RME Marco Rojas
  ",
"SAX3","AMZL","NA","US","California","AMZL-NA-R2L","SSD FC","https://NA.ehs-amazon.com/incidents/incident/a01db787-daa4-435a-9e27-f06b568142d8/summary","SAX3-24-563","CLOSED","PENDING","D",0,"vujohny","2024-12-11 08:06:58.960","2025-02-06 20:51:06.641",1,,"Waste","2024-12-10 00:00:00","2024-12-11T07:00:00Z","2024-12-10 00:00:00","2024-12-11T07:05:00Z","2024-12-11 08:06:58.960","2024-12-11 08:06:58.960","Austin",,"Chemical","Health","Flammables","HIGHLY_UNLIKELY","NEGLIGIBLE","NEGLIGIBLE","HIGHLY_UNLIKELY","NEGLIGIBLE",,,,"COMPLETED","2025-02-06 21:39:54.775","No One",,,,,,"Warming Fire detected 2 miles from facility. Debris and smell of fire present next to dock doors of building.","Warming Fire Detected off site","Other","False",,"Other","False","False","False",,,,,,,,,,,,,,,,,,,,,,,,,,,,,,,,,,,,,,,
"SAZ2","AMZL","NA","US","Arizona","AMZL-NA-R2L","SSD FC","https://NA.ehs-amazon.com/incidents/incident/c3c7e013-77fc-4f4e-9c0d-a6dbf7baa4e5/summary","SAZ2-26-59","CLOSED","PENDING","D",0,"camdzic","2026-02-06 20:23:10.931","2026-02-06 20:33:33.385",1,,"Waste","2026-02-06 00:00:00","2026-02-06T14:15:00Z","2026-02-06 00:00:00","2026-02-06T14:16:00Z","2026-02-06 20:23:10.931","2026-02-06 20:23:10.931","Austin",,"Spill / Release","Environment","Water release","HIGHLY_UNLIKELY","NEGLIGIBLE","NEGLIGIBLE","HIGHLY_UNLIKELY","NEGLIGIBLE",,,,"COMPLETED","2026-02-06 20:33:32.082","No One",,,,,,"On February 6, 2026, at approximately 7:15 AM, site leadership observed smoke emanating from the Auger equipment. In response to this potential safety hazard, site leadership immediately initiated the emergency evacuation protocol, ensuring all personnel safely evacuated the facility. The evacuation procedure was executed systematically, with all staff members reporting to the designated rally point for accountability.

Following the evacuation, the Global Security Operations Center (GSOC) was promptly notified of the incident to ensure proper documentation and support. The Fire Marshal arrived on-site to conduct a preliminary assessment of the situation and will be providing a comprehensive report to site leadership detailing findings and observations from the response.

This incident remains under active investigation to determine the root cause of the smoke, assess any equipment damage, and identify corrective actions to prevent future occurrences. Further updates will be communicated to relevant stakeholders as the investigation progresses and additional information becomes available. ","Tolleson Fire Department ","Other","True","0 to 3","Yard - Compactor Area","True","True","False",,,,,,,,,,,,,,,,,,,,,,,,,,,,,,,,,,,,,,,
"SIL1","AMZL","NA","US","Illinois","AMZL-NA-R2L","SSD FC","https://NA.ehs-amazon.com/incidents/incident/af3b9dac-4e06-452a-be7f-12816d606662/summary","SIL1-23-af3b9dac","IN_PROGRESS","C","B",0,"rrgin","2023-01-31 14:58:33.834","2025-02-06 20:55:29.596",0,,"Vehicle","2023-01-31 00:00:00","2023-01-31T11:14:00.512Z","2023-01-31 00:00:00","2023-01-31T11:15:00.267Z","2023-01-31 14:58:33.834","2023-02-20 17:02:00.296","Austin",,"Motorized_Vehicle_Operation","Safety","Vehicle malfunction","HIGHLY_UNLIKELY","MAJOR","LOW","HIGHLY_UNLIKELY","MAJOR",,,,"COMPLETED","2025-02-06 20:52:37.702","No One",,,,,,"At approximately 5:14am a driver arrives in the SIL1 dispatch parking lot and parks in the spot at the bottom of the west side cart ramp in the flex area. After parking the car starts smoking from under the hood, by 5:15am emergency services were called and the car started on fire. By 5:20am the police arrived on site and cleared all people and cars from the parking lot. Operations had associates clear the dispatch area and had drivers stay inside away form the fire. At 5:25am, the fire department showed up and extinguished the fire completely by 5:39 am. The Fire Department left at 5:42 am and the car was towed at 6:05am. Operations capped volume by 50% for the next 4 cycles until update, canceled blocks for drivers until 6:45am. Details have been sent to GSOC as well. Entering in Austin Fire Incident and Spill incident and working with WHS team on cleaning up the parking lot. Area is currently blocked off with safety cones. WHS is contacting Clean Harbors to perform a professional clean up and removal of debris.","At approximately 5:14am a driver arrives in the SIL1 dispatch parking lot and parks in the spot at the bottom of the west side cart ramp in the flex area. After parking the car starts smoking from under the hood, by 5:15am emergency services were called and the car started on fire. By 5:20am the police arrived on site and cleared all people and cars from the parking lot. Operations had associates clear the dispatch area and had drivers stay inside away form the fire. At 5:25am, the fire department showed up and extinguished the fire completely by 5:39 am. The Fire Department left at 5:42 am and the car was towed at 6:05am. Operations capped volume by 50% for the next 4 cycles until update, canceled blocks for drivers until 6:45am. Details have been sent to GSOC as well. Entering in Austin Fire Incident and Spill incident and working with WHS team on cleaning up the parking lot. Area is currently blocked off with safety cones. WHS is contacting Clean Harbors to perform a professional clean up and removal of debris.","Other","False",,"DP Lot","False","False","False",,,,"COMPLETED","2025-02-06 20:49:59.842","False",,"False","False","False",,"False","False",,"False",,,"False","False","False",,"Environmental","Stormwater contamination","False","IN_PROGRESS","2025-02-06 20:52:06.862","Equipment damage","Other","Car belonging to DP, caught on fire today.","Technical - Equipment",,,,"Defective equipment, vehicles or materials",,,,"At approximately 5:14am a driver arrives in the SIL1 dispatch parking lot and parks in the spot at the bottom of the west side cart ramp in the flex area. After parking the car starts smoking from under the hood, by 5:15am emergency services were called and the car started on fire. By 5:20am the police arrived on site and cleared all people and cars from the parking lot. Operations had associates clear the dispatch area and had drivers stay inside away form the fire. At 5:25am, the fire department showed up and extinguished the fire completely by 5:39 am. The Fire Department left at 5:42 am and the car was towed at 6:05am. Operations capped volume by 50% for the next 4 cycles until update, canceled blocks for drivers until 6:45am. Details have been sent to GSOC as well. Entering in Austin Fire Incident and Spill incident and working with WHS team on cleaning up the parking lot. Area is currently blocked off with safety cones. WHS is contacting Clean Harbors to perform a professional clean up and removal of debris.",
"SIL2","AMZL","NA","US","Illinois","AMZL-NA-R2L","SSD FC","https://NA.ehs-amazon.com/incidents/incident/3353d66e-285e-4516-b8c5-e99cc32c6b0a/summary","SIL2-24-114","CLOSED","PENDING","B",0,"karrinn","2024-08-02 01:56:51.398","2025-02-06 20:56:23.245",0,,"Vehicle","2024-08-01 00:00:00","2024-08-01T23:05:00.000Z","2024-08-01 00:00:00","2024-08-01T23:05:00.000Z","2024-08-02 01:56:51.398","2024-08-02 01:56:51.398","Austin",,"Motorized_Vehicle_Operation","Safety","Interaction (Vehicle/Vehicle)","UNLIKELY","SIGNIFICANT","MEDIUM","UNLIKELY","SIGNIFICANT",,,,"COMPLETED","2025-02-06 20:56:40.037","Contractor",,"Independent","Flex Drivers",,"flex","08/01/2024 at 06:05PM, a Flex driver entered SIL2 dispatch (VIL2) and asked an associate (AA) wibflore for water to put out their vehicle which was ""smoking"". The AA in question alongside another AA yvidbian assessed the situation in the Dispatch parking lot by observing the vehicle from the dock ramp. AA yvidbian and AA wibflore then alerted the manager (AM) on duty in Dispatch, davivicr, of the car which had now progressed from smoking to being in flames. The AM on duty verified the incident in progess and alerted the OMs on duty, karrinn, willyuen. Both AAs and the AM on duty verified that no injuries were resulted from the incident. GSOC was contacted at 06:11PM. ","Flex driver stated that notices flames coming from the hood and came inside to ask for water to put out. ","Fire Watch","True","0 to 3","DP Lot","False","False","False",,,,,,,,,,,,,,,,,,,,,,,,,,,,,,,,,,,,,,,
"SIN9","AMZL","NA","US","Indiana","AMZL-NA-R2L","SSD FC","https://NA.ehs-amazon.com/incidents/incident/c1185708-3f33-42f0-b750-d017b28f8834/summary","SIN9-22-c1185708","CLOSED","PENDING","B",0,"mbrownks","2022-07-13 08:25:21.158","2025-02-06 21:10:59.763",0,,"Vegetation","2022-07-13 00:00:00","2022-07-13T04:12:00.000Z","2022-07-13 00:00:00","2022-07-13T04:14:00.000Z","2022-07-13 08:25:21.158","2022-07-13 08:25:21.158","Austin",,"Land and Soil","Environment","Wildfire or bushfire","POSSIBLE","SIGNIFICANT","SUBSTANTIAL","POSSIBLE","SIGNIFICANT",,,,"COMPLETED","2025-02-06 21:16:27.886","No One",,,,,,"Securitas employee John was walking in the parking lot right after midnight when he noticed a smell coming from the bushes directly across the parking lot from the main building entrance. John then noticed smoke coming from the bushes and immediately notified his supervisor Brandon who immediately notified the fire department. The fire department arrived on site shortly after and extinguished the fire. ","Start of fire has not yet been identified. We know that it was caused by a cigarette that was not put out and was thrown into the bushes lining the parking lot, but we do not know if it was an Amazon employee or contractor who threw the cigarette into the bushes","Other","False",,"Onsite Parking Lot","False","False","False",,,,,,,,,,,,,,,,,,,,,,,,,,,,,,,,,,,,,,,
"SMI1","AMZL","NA","US","Michigan","AMZL-NA-R2L","SSD FC","https://NA.ehs-amazon.com/incidents/incident/89df7c01-712c-468d-a2ed-3201e116c989/summary","SMI1-24-348","CLOSED","PENDING","B",0,"hofferm","2024-11-07 21:41:45.237","2025-02-06 20:58:10.455",1,,"Vehicle","2024-11-07 00:00:00","2024-11-07T14:29:00Z","2024-11-07 00:00:00","2024-11-07T14:30:00Z","2024-11-07 21:41:45.237","2024-11-07 21:41:45.237","Austin",,"Thermal","Safety","Fire/Flame","UNLIKELY","MAJOR","SUBSTANTIAL","UNLIKELY","MAJOR","SUBSTANTIAL","UNLIKELY","MAJOR","COMPLETED","2025-02-06 21:41:31.085","Contractor",,"Independent","Flex Drivers",,"Flex Driver- N/a","On 11/7/24 at approx. 9:30am SMI1 had a car fire in their flex driver dispatch lot. Vehicle entered the flex dispatch lot at 0920am. At this time a small amount of smoke can be seen coming from the engine compartment of the vehicle. At 0922am The flex driver and a male passenger opened the hood to the engine compartment. After looking under the hood briefly they closed it. The male passenger then pulls a cart to the truck where the flex driver is and they start to take RTS from the trunk and place them into the cart. At 924am the flex driver takes the cart towards the building and the male passenger walks away from the vehicle. At 0927a, both return to the vehicle and open both the drivers and passenger side doors. At 0930am the smoke increases from the engine compartment and the car doors and as the flex driver and passenger left the car they left both doors open. Flames visible from the passenger compartment at 0931am. 911 called around this time. Car fully involved at 0933am.  Police on scene at 0934. FD on scene at 0938am. Fire extinguished at 10am. FD leaves at 1041am. Tow truck was called by PD and and arrived and removed at the vehicle at 1110am, Clean harbors was called by AM. Clean harbors arrived at 135pm to begin remediation and clean up the fluids from the vehicle and firefighting activities. Fluid did enter a drain but those were also remediated by Clean harbors.  Vehicle information- VIN: 1J8HG48K17C565497 Year: 2007 Make: Jeep Model: Commander. ","Car Fire","Other","True","0 to 3","DP Lot","False","True","False",,,,"COMPLETED","2025-02-06 21:41:31.128",,,,,,,,,,"False",,,,,"False",,"Exposure to or contact with","Fire or flame",,"COMPLETED","2025-02-06 21:42:03.998","Inadequate maintenance","Inadequate preventive maintenance",,"Technical - Equipment",,,,"Defective equipment, vehicles or materials",,,"https://na.ehs-amazon.com/incidents/group/SMI1-24-GROUP-47/incident/SMI1-24-348/rca","N/A",
"SNC2","AMZL","NA","US","North Carolina","AMZL-NA-R2L","SSD FC","https://NA.ehs-amazon.com/incidents/incident/555bd5d9-9a61-4505-9992-15b20d5d9e4f/summary","SNC2-25-300","CLOSED","PENDING","C",0,"latoysul","2025-10-01 21:47:36.080","2025-10-01 22:15:43.191",1,,"Waste","2025-10-01 00:00:00","2025-10-01T07:50:00Z","2025-10-01 00:00:00","2025-10-01T09:02:00Z","2025-10-01 21:47:36.080","2025-10-01 21:47:36.080","Austin",,"Fire and Explosion Hazard","Safety","Fire","POSSIBLE","MINOR","MEDIUM","POSSIBLE","MINOR",,,,"COMPLETED","2025-10-01 22:15:42.066","No One",,,,,,"At approximately 3:55a on 10/1/2025, flames were observed coming from the inside of the corrugate compactor.  An associated escalated to OM on site.  At 3:57a, plumes of smoke were coming from the Decant line corrugate take away.  OM called 911 at 3:55a, entire site was evacuated with no injuries to associates.   Fire Department arrvied on site at approximately 4am and extinguished the flame by 4:10a.  FD gave the all clear at 5:08a.","Unknown","Other","True","0 to 3","Yard - Compactor Area","False","True","False",,,,,,,,,,,,,,,,,,,,,,,,,,,,,,,,,,,,,,,
"SNJ3","AMZL","NA","US","New Jersey","AMZL-NA-R2L","SSD FC","https://NA.ehs-amazon.com/incidents/incident/4a940163-72ff-4df6-8e46-efe349c48b1c/summary","SNJ3-23-4a940163","CLOSED","PENDING","C",0,"sccuoghi","2023-04-12 02:47:40.103","2025-02-06 20:55:26.365",0,,"Vegetation","2023-04-11 00:00:00","2023-04-12T01:55:00.521Z","2023-04-11 00:00:00","2023-04-12T01:55:00.341Z","2023-04-12 02:47:40.103","2023-04-12 02:47:40.103","Austin",,"Land and Soil","Environment","Wildfire or bushfire","POSSIBLE","MINOR","MEDIUM","POSSIBLE","MINOR",,,,"COMPLETED","2025-02-06 20:52:39.111","No One",,,,,,"At approximately 2155 the operations team was notified by security of an exterior fire near the front entrance of the building. Upon exiting the building it was discovered that there was a active mulch/brush fire in the area surrounding the 4x10 outdoor smokers overhang. AM on scene began initial fire suppression operations to contain the initial spread of the fire, then made proper notifications to county communications center to have the fire department dispatched to location. PD and FD arrived at approximately 2205, with FD remaining on scene approximately 20 minutes soaking area to ensure full extinguishment of fire. GSOC, Site Lead, and Safety all notified of incident.","Fire started in mulch bed, and trees that surround the associates ","Other","True","0 to 3","Onsite Parking Lot","False","False","False",,,,"COMPLETED","2025-02-06 20:56:12.214","False",,"False","False","False",,"False","False",,"False",,,"True","False","False",,"Environmental","Air emission/pollution","False",,,,,,,,,,,,,,,
"SOH3","AMZL","NA","US","Ohio","AMZL-NA-R2L","SSD FC","https://NA.ehs-amazon.com/incidents/incident/25d19047-e03b-4b7f-93e7-305cdc503cdd/summary","SOH3-22-25d19047","CLOSED","D","D",0,"meyenich","2022-06-03 20:20:54.701","2025-02-06 21:11:40.696",0,,"Electrical","2022-06-01 00:00:00","2022-06-03T18:30:58.127Z","2022-06-01 00:00:00","2022-06-03T18:30:58.140Z","2022-06-03 20:20:54.701","2022-06-03 20:51:45.961","Austin",,"Electrical","Safety","Other","UNLIKELY","SIGNIFICANT","MEDIUM","UNLIKELY","SIGNIFICANT","MEDIUM","UNLIKELY","SIGNIFICANT","COMPLETED","2025-02-06 21:21:08.571","No One",,,,,,"At 1430 we had a power failure and the air compressor started smoking. The air compressor started to throw visible sparks. As the Air compressor started to throw sparks, everyone in the facility reported to their assigned areas. RME was notified of the issue and arrived to extinguish the air compressor after they cut power to it. It was determined at 1435 that the building should be evacuated. I received instructions over the radio to call 911. At 1438 the building was completely evacuated and everyone was accounted for. There were no injuries to report. The Fire department arrived on site at 1443 and departed the site at 1451. Building was cleared for security to enter after that and then everyone else was given the all clear to return to the facility.","electrical issue","Fire Watch","False",,"Outbound Dock","False","True","False",,,,"COMPLETED","2025-02-06 21:29:07.352","False",,"False","False","False",,"False","False",,"False",,,"False","False","False",,"Natural","Wind-storm","False","COMPLETED","2025-02-06 21:21:08.694","Equipment damage","Other","Equipment caught on fire due to events occuring after a power outage.","Technical - Equipment",,,,"Fire and explosion hazards",,,"https://na.ehs-amazon.com/incidents/incident/25d19047-e03b-4b7f-93e7-305cdc503cdd/rca","N/A",
"SOK1","AMZL","NA","US","Oklahoma","AMZL-NA-R2L","SSD FC","https://NA.ehs-amazon.com/incidents/incident/61d5f545-2fca-40c8-8599-e75b3ce8771e/summary","SOK1-25-282","CLOSED","PENDING","B",0,"ivanbaez","2025-08-06 20:37:56.809","2025-08-07 17:27:22.987",1,,"Waste","2025-08-06 00:00:00","2025-08-06T19:13:00Z","2025-08-06 00:00:00","2025-08-06T19:15:00Z","2025-08-06 20:37:56.809","2025-08-06 20:37:56.809","Austin",,"Thermal","Safety","Fire/Flame","UNLIKELY","SIGNIFICANT","MEDIUM","UNLIKELY","SIGNIFICANT","MEDIUM","UNLIKELY","SIGNIFICANT","COMPLETED","2025-08-06 21:11:58.050","Contractor",,"Independent","Design, Construction, Startup (DCS)",,"Kroll","SOK1 - On August 6, 2025, at approximately 14:12 hours, a fire incident occurred in a construction waste roll-off container from the Groceries build. The container, which housed mixed construction materials including corrugated materials, electrical wiring, and various construction debris, was immediately addressed by contractor personnel using fire extinguishers until the local Fire Department arrived on scene. Fire Department personnel completed the suppression efforts using water. Clean Harbors Emergency Response team was contacted and dispatched for post-incident cleanup operations. A thorough investigation, including review of CCTV footage and Fire Department assessment, has not identified the ignition source or root cause of the fire. The incident resulted in no injuries, no environmental impact, and no storm water contamination. All damage was contained to the contents of the waste container.  ","Unknown","Contractor","False",,"Yard","False","True","False",,,,"COMPLETED","2025-08-06 21:15:21.726","False",,"False","False","False",,"False","False",,"False",,,"False","False","False",,"Natural","Wildfire","True","COMPLETED","2025-08-06 21:20:46.255","Inadequate maintenance","Other","Unknown of root cause of fire ","Organizational - Workplace",,,"Fire and explosion hazards",,,,,"N/A",
"SOR3","AMZL","NA","US","Oregon","AMZL-NA-R2L","SSD FC","https://NA.ehs-amazon.com/incidents/incident/ac462c51-c9a2-4ba0-9c07-de36c9bbda42/summary","SOR3-23-8","CLOSED","PENDING","C",0,"noellop","2023-06-26 23:36:23.064","2025-02-06 20:56:06.835",0,,"Vegetation","2023-06-26 00:00:00","2023-06-26T23:05:00.000Z","2023-06-26 00:00:00","2023-06-26T23:05:00.000Z","2023-06-26 23:36:23.064","2023-06-26 23:36:23.064","Austin",,"Thermal","Safety","Fire/Flame","POSSIBLE","MINOR","MEDIUM","POSSIBLE","MINOR","MEDIUM","POSSIBLE","MINOR","COMPLETED","2025-02-06 21:13:42.980","No One",,,,,,"On 6/26/23 at approximately 16:05 hrs, Operations was informed of smoke that was coming from a mulched planter box in the south AA parking lot. Ops responded and observed the affected area was smoldering with smoke coming from the area. An AM put out the fire with a fire extinguisher. Upon completion, a flex DP informed the group of AMs of a secondary fire in the next row over, also in a planter box. Operations called EMS at 16:17 but determined it was unnecessary for services to come out. Operations then called GSOC at 16:21, who said they were not required as EMS did not arrive onsite. The AMs and OM left the parking lot at 16:22.","Cigarette butts throw into planter box","Employee","False",,"Onsite Parking Lot","False","False","False",,,,"COMPLETED","2025-02-06 21:13:59.436","False",,"False","False","False",,"False","False",,"False",,,"True","False","False",,"Exposure to or contact with","Hot object or substance","False","COMPLETED","2025-02-06 21:13:59.516","Inadequate maintenance","Inadequate preventive maintenance",,"Human - Behaviour","Improper object placement / storage",,,,,,,"N/A",
"STX2","AMZL","NA","US","Texas","AMZL-NA-R2L","SSD FC","https://NA.ehs-amazon.com/incidents/incident/db49441c-9edf-41c5-b93e-51b8e1f6a646/summary","STX2-24-183","IN_PROGRESS","PENDING","C",0,"moslash","2024-09-27 03:41:59.668","2025-02-06 21:12:38.450",1,,"Electrical","2024-09-26 00:00:00","2024-09-27T01:30:00.000Z","2024-09-26 00:00:00","2024-09-27T01:30:00.000Z","2024-09-27 03:41:59.668","2024-09-27 03:41:59.668","Austin",,"Electrical","Safety","Short circuit","UNLIKELY","MINOR","LOW","UNLIKELY","MINOR",,,,"COMPLETED","2025-02-06 21:46:25.749","No One",,,,,,"Approximately 830pm the fire alarm went off and was triggered in zone 1 after investigation it was determined that it was triggered from the partnering warehouse.
No actual fire was reported and no damage to building ","N/A","Other","False",,"Non-Inventory","True","True","False",,,,"COMPLETED","2025-02-06 21:45:10.527",,,,,,,,,,"False",,,,,"False",,"Environmental","Air emission/pollution",,,,,,,,,,,,,,,,
"STX5","AMZL","NA","US","Texas","AMZL-NA-R2L","SSD FC","https://NA.ehs-amazon.com/incidents/incident/9360a91e-083f-40d4-8a19-ce62ecb845b3/summary","STX5-24-73","CLOSED","PENDING","B",0,"wangkar","2024-03-15 17:45:59.465","2025-02-06 20:55:47.764",0,,"Vehicle","2024-03-14 00:00:00","2024-03-15T19:00:00.000Z","2024-03-14 00:00:00","2024-03-15T19:05:00.000Z","2024-03-15 17:45:59.465","2024-03-15 17:45:59.465","Austin",,"Spill / Release","Environment","Ground contamination","HIGHLY_UNLIKELY","SIGNIFICANT","LOW","HIGHLY_UNLIKELY","SIGNIFICANT",,,,"COMPLETED","2025-02-06 20:54:56.868","No One",,,,,,"On 3/14/24, around 2:05pm an associate's vehicle started on fire in the parking lot. CCTV footage shows the AA parking and walking away from the vehicle when it began to smoke and catch fire. The fire spread to several other vehicles that were parked nearby as well. The Fire department arrived on scene and put the fire out. The fire department is still on scene and awaiting an arson investigator. The sit conducted a shelter in place drill to get all AAs accounted for. No evacuation or shelter in place was implemented due to the fire department's advice to keep everyone safe inside. No EMS/Police dispatched. No injuries reported. No trouble ticket created. The WHS team is currently working on scheduling a vendor to attend the site for clean-up support. Two additional vehicles were impacted by the fire; all three vehicles will need to be towed for clean-up to occur. The vehicle owners are awaiting guidance from their insurance companies for tow / removal of the vehicles. Images have been sent to vendor, Clean Harbors, who are in contact with their local team to determine scheduling for clean-up. Local fire department (FD) left the site, and no root cause has been provided at this time. FD will return to the site on 03/15/2024 to collect footage and further analyze root cause. FD did use their hoses to stop the fire, and debris still remains on the ground. There are no drains in the immediate area of the event; however, WHS has informed Clean Harbors that they will need to check the storm drains as part of the clean-up. There is a chance of scattered storms in the area today and tomorrow. Site has been asked to identify any storm drain that may be impacted and block off to prevent debris and runoff, and cordon off the impacted area of the parking lot until clean-up is completed. All three impacted AAs have transportation support today; however, may require transportation assistance in future days. ","Vehicle fire started from dashboard of car - no root cause identified by Fire Department","Other","True","0 to 3","Onsite Parking Lot","False","False","False",,,,,,,,,,,,,,,,,,,,,,,,,,,,,,,,,,,,,,,
"STX9","AMZL","NA","US","Texas","AMZL-NA-R2L","SSD FC","https://NA.ehs-amazon.com/incidents/incident/7329c335-e964-4fba-8333-b53a62bf0502/summary","STX9-25-381","CLOSED","PENDING","C",0,"zjnhe","2025-10-23 03:57:37.886","2025-10-23 04:05:04.795",1,,"Vehicle","2025-10-22 00:00:00","2025-10-22T19:14:00Z","2025-10-22 00:00:00","2025-10-22T19:28:00Z","2025-10-23 03:57:37.886","2025-10-23 03:57:37.886","Austin",,"Fire and Explosion Hazard","Safety","Fire","UNLIKELY","MINOR","LOW","UNLIKELY","MINOR",,,,"COMPLETED","2025-10-23 04:02:08.845","Visitor/community member",,,,,,"It is unknown at this time of the driver of the vehicle is a Flex Driver or member of the community.  Driver left the vehicle in the parking lot and did not return. ","The driver parked the vehicle, opened the hood and then left the vehicle.  The vehicle started smoking and eventually the fire started","Other","False",,"Onsite Parking Lot","False","False","False",,,,"COMPLETED","2025-10-23 04:05:03.849",,,,,,,,,,"True","Vehicle","Car",,,"False",,"Motor vehicle","Stolen vehicle",,,,,,,,,,,,,,,,
"SUT2","AMZL","NA","US","Utah","AMZL-NA-R2L","SSD FC","https://NA.ehs-amazon.com/incidents/incident/2f54cf5e-7033-43df-ae91-9fafa39dc743/summary","SUT2-25-70","CLOSED","PENDING","D",0,"atehvand","2025-06-12 14:36:26.622","2025-06-12 14:42:16.960",1,,"Electrical","2025-06-12 00:00:00","2025-06-12T13:07:00Z","2025-06-12 00:00:00","2025-06-12T13:08:00Z","2025-06-12 14:36:26.622","2025-06-12 14:36:26.622","Austin",,"Air emissions","Environment","Equipment installation","UNLIKELY","NEGLIGIBLE","NEGLIGIBLE","UNLIKELY","NEGLIGIBLE",,,,"COMPLETED","2025-06-12 14:40:22.188","No One",,,,,,"Site conducted full evacuation in accordance with the EAP.","Faulty smoke detector","Other","False",,"Other","True","True","False",,,,"COMPLETED","2025-06-12 14:42:16.289",,,,,,,,,,"False",,,,,"True","Faulty smoke detector replaced by RME.","Exposure to or contact with","Fire or flame",,,,,,,,,,,,,,,,
"SVA2","AMZL","NA","US","Virginia","AMZL-NA-R2L","SSD FC","https://NA.ehs-amazon.com/incidents/incident/ca90bd25-48a8-4631-9d0c-dbdb0fdc4b46/summary","SVA2-25-318","CLOSED","PENDING","B",0,"yspringe","2025-09-29 20:11:10.198","2025-09-29 20:16:41.130",1,,"Vehicle","2025-09-29 00:00:00","2025-09-29T07:00:00Z","2025-09-29 00:00:00","2025-09-29T07:03:00Z","2025-09-29 20:11:10.198","2025-09-29 20:11:10.198","Austin",,"Fire and Explosion Hazard","Safety","Fire","UNLIKELY","MAJOR","SUBSTANTIAL","UNLIKELY","MAJOR",,,,"COMPLETED","2025-09-29 20:16:40.089","No One",,,,,,"
A Delivery Partner's (DP) vehicle in the covered parking area was reported to be emitting white smoke, filling the parking garage with smoke
            Site leadership initiated an immediate evacuation by activating the fire alarm and directing associates away from the dispatch exit
            The building was successfully evacuated
        Rally point headcount has confirmed all associates are accounted for
        Local fire department responded to the scene and successfully extinguished the fire
        Site leadership sent 86 Amazon Associates (AA) home with pay due to the incident
        The fire department is currently ventilating smoke from the building, including attempts to access the roof to utilize exhaust systems
            The parking garage has experienced smoke filled the facility and requires ventilation
            The parking garage also has experienced flooding witch is affecting the grocery area of the warehouse
            The site has requested 10 air scrubbers and 3 dock door fans, with AMOC working on an EPO for Sunbelt
","Vehicle caugh fire due to eletrical issues ","Employee","True","0 to 3","Onsite Parking Lot","True","True","True",,,,,,,,,,,,,,,,,,,,,,,,,,,,,,,,,,,,,,,
"SWA1","AMZL","NA","US","Washington","AMZL-NA-R2L","SSD FC","https://NA.ehs-amazon.com/incidents/incident/327d2b99-9791-41a0-9354-cff95c040120/summary","SWA1-25-271","IN_PROGRESS","PENDING","D",0,"osharifi","2025-07-13 02:21:45.517","2025-07-13 18:09:38.196",1,,"Vegetation","2025-07-12 00:00:00","2025-07-12T21:12:00Z","2025-07-12 00:00:00","2025-07-12T21:16:00Z","2025-07-13 02:21:45.517","2025-07-13 02:21:45.517","Austin",,"Thermal","Safety","Other","HIGHLY_UNLIKELY","NEGLIGIBLE","NEGLIGIBLE","HIGHLY_UNLIKELY","NEGLIGIBLE","NEGLIGIBLE","HIGHLY_UNLIKELY","NEGLIGIBLE","COMPLETED","2025-07-13 02:28:12.895","No One",,,,,,"At approximately 14:13 a PA on their lunch in the front parking lot reported smoke to security.  The smoke was coming from wood chips behind Canteen box truck parking spaces. Security contacted local FD.  PA alerted AMs.  AMs contacted SL and GSOC.  PD arrived at 14:24 and followed procedure to stop the smoke and prevent from reoccurring.  PD left site at 14:32. ","unknown cause - ground smoking - hot outside","Fire Watch","False",,"Outdoor Areas","False","False","False",,,,"COMPLETED","2025-07-13 02:34:49.437",,,,,,,,,,"False",,,,,"False",,"Natural","Bushfire",,,,,,,,,,,,,,,,
"SWF4","AMZL","NA","US","Florida","AMZL-NA-R2L","SSD FC","https://NA.ehs-amazon.com/incidents/incident/e45d71e4-dc1a-4130-86f0-daebb8b3839b/summary","SWF4-26-24","CLOSED","PENDING","D",0,"mrschaef","2026-02-17 15:36:29.253","2026-02-17 15:44:45.730",1,,"Waste","2026-02-07 00:00:00","2026-02-07T05:00:00Z","2026-02-07 00:00:00","2026-02-07T05:05:00Z","2026-02-17 15:36:29.253","2026-02-17 15:36:29.253","Austin",,"Fire and Explosion Hazard","Safety","Fire","HIGHLY_UNLIKELY","NEGLIGIBLE","NEGLIGIBLE","HIGHLY_UNLIKELY","NEGLIGIBLE",,,,"COMPLETED","2026-02-17 15:44:44.735","No One",,,,,,"SSD-FC: SWF4: (Event, Fire, Corrugate Compactor): On 2/7/2026 and RME technician noticed smoke on the IB dock coming from the corrugate compactor. RME technicain immediately escalated to site operations to evacuate the site and contact emergency services. Fire department arrived onsite and extinguished the fire that potentially started due to electrical issues with the compactor. The compactor was at half full capacity. No injuries reported during the event and all AA's were accounted for. ","Fire started in the compactor that was at half full capacity. Suspected cause was electrical.","Other","False",,"Yard","False","True","False",,,,,,,,,,,,,,,,,,,,,,,,,,,,,,,,,,,,,,,
"SYS3","AMZL","NA","US","Tennessee","AMZL-NA-R2L","SSD FC","https://NA.ehs-amazon.com/incidents/incident/d739ea5e-4307-49c2-91e0-362f926baf60/summary","SYS3-25-60","FOR_REVIEW","PENDING","B",0,"angplaku","2025-03-19 17:55:06.915","2025-03-19 19:04:48.042",1,,"Vegetation","2025-03-19 00:00:00","2025-03-19T16:49:00Z","2025-03-19 00:00:00","2025-03-19T16:55:00Z","2025-03-19 17:55:06.915","2025-03-19 17:55:06.915","Austin",,"Contractor Safety","Management Standards","None","UNLIKELY","SIGNIFICANT","MEDIUM","UNLIKELY","SIGNIFICANT","MEDIUM","UNLIKELY","SIGNIFICANT","COMPLETED","2025-03-19 19:00:48.228","Contractor",,"Independent","Flex Drivers",,"Amazon Flex","At 12:49pm, an independent contractor, working for Amazon flex delivery, was smoking next to their car, outside of a designated smoking area. The driver finished smoking and tossed their cigarette onto the ground, into a pile of pine needles. The pine needles caught fire at approximately 12:55pm and a security guard, who was present in dispatch, was alerted to the fire by an unidentified secondary flex driver. The security guard responded by locating the nearest fire extinguisher, activating the fire extinguisher and the fire was put out at 12:57pm. Emergency services were not called. 
The pine needles were out of place, which attributed to the incident, due to high winds in the area over the last week. The site actively has a PO awarded to a landscaper to replace all pine needles with river rock. Date of work is TBD based on contractor scheduling. ","Cigarette was thrown into pine needles which had been blown out of the flower beds and into the parking lot","Contractor","False",,"Onsite Parking Lot","False","False","False",,,,"COMPLETED","2025-03-19 18:49:21.953","False",,"False","False","False",,"False","False",,"False",,,"True","False","False",,"Exposure to or contact with","Fire or flame","False","IN_REVIEW","2025-03-19 19:04:45.056","Inadequate maintenance","Inadequate preventive maintenance",,"Human - Behaviour","Failure to properly dispose of waste",,,,,,,"N/A",
"HDC3","AMZL","NA","US","Pennsylvania","AMZL-NA-R2L","SSD DC","https://NA.ehs-amazon.com/incidents/incident/6dd92034-2218-40db-b9c1-213683fd5b15/summary","HDC3-24-303","CLOSED","PENDING","C",0,"claussn","2024-11-16 19:08:24.131","2025-02-06 21:05:46.928",1,,"Battery","2024-11-16 00:00:00","2024-11-16T18:08:00Z","2024-11-16 00:00:00","2024-11-16T18:09:00Z","2024-11-16 19:08:24.131","2024-11-16 19:08:24.131","Austin",,"Competence, Awareness, and Training","Management Standards","None","UNLIKELY","MINOR","LOW","UNLIKELY","MINOR","LOW","UNLIKELY","MINOR","COMPLETED","2025-02-06 22:00:53.488","Employee",,,,"Amazon Warehouse Associate",,"1. _Incident Description_  SSD-DC HDC3 (Fire) – On 11-16-2024 at approximately 1:08pm an AA, who was operating OP 229, ran over a battery bank in front of aisle 170 while traveling west down the PIT lane on the phase 2 side of the building. The force from the impact caused the battery bank to react, resulting in a fire. The process assistant of the area quickly noticed the flame and called it out over the Operations radio channel. The operations manager of the shift grabbed a near by fire extinguisher and proceeded to extinguish the flame. Safety was called shortly before the flame was extinguished and arrived on the scene after the fire was put out. The regulated waste coordinator and safety specialist partnered to clean the area up. The RWC then took the damaged battery bank for proper disposal. No injuries were reported and the incident did not result in damage to the building.
2. _Recordability Rationale_ N/A – fire 
3._Training – AA was order picker trained on 6-28-2024
4. _Root Cause_ - Upon further investigation the root cause is determined to be: AA was not aware that battery bank was in PIT travel lane before running over it with their order picker, which caused it to catch fire. 
5. _Corrective Action_ -  Conduct stand down with PIT operators to explain the importance of keeping eyes on path, avoiding snowplowing items & reporting when items are on the floor owner: Operations manager ECD: 11/20/2024
6._SGT – Week to date site has completed 288 SGTs; AA participated in 0
7._ADAPT – AA has 0 active safety adapts
","Power bank ran over ","Employee","False",,"Car wash","False","False","False",,,"6ce5e33d-fa2e-447f-b140-ac0326e83f38","COMPLETED","2025-02-06 22:00:35.200","True","(HDC3-24-303) ","False","False","False",,"False","False",,"False",,,"True","False","False",,"Exposure to or contact with","Fire or flame","False","COMPLETED","2025-02-06 22:00:52.136","Training or knowledge-transfer","Inadequate knowledge transfer",,"Human - Behaviour","Deviation from defined process / Drift (Procedure, SOP, PMV/PtW)",,,,,,,"N/A","BLUE"
"HDC3","AMZL","NA","US","Pennsylvania","AMZL-NA-R2L","SSD DC","https://NA.ehs-amazon.com/incidents/incident/e7412b33-88ff-4684-9fd8-6f344361319b/summary","HDC3-26-156","CLOSED","PENDING","C",0,"jrnagy","2026-04-16 06:03:14.761","2026-04-23 12:17:18.491",1,,"Battery","2026-04-16 00:00:00","2026-04-16T04:42:00Z","2026-04-16 00:00:00","2026-04-16T04:43:00Z","2026-04-16 06:03:14.761","2026-04-16 06:03:14.761","Austin",,"Work Environment","Safety","Housekeeping","HIGHLY_UNLIKELY","MINOR","NEGLIGIBLE","HIGHLY_UNLIKELY","MINOR","NEGLIGIBLE","HIGHLY_UNLIKELY","MINOR","COMPLETED","2026-04-16 08:07:54.708","Employee",,,,"Amazon Warehouse Associate",,"1.  Incident Description SSD_DC_HDC3 (Fire) – On 04/16/2026 at approximately 12:41 AM, AA had ran over a lithium-ion battery. Battery was located in or near aisles 116-117 and was dragged out by AA`s OP136 to driving lanes. When AA exited aisles 116-117 their OP136 had then ran over the lithium battery causing a small ignition of the battery located near the left rear drive wheel of their OP136. AA had continued driving and was clear of the battery which was burning out on the left side of their OP136. While battery was burning out another AA had stepped off their OP (OP100) and grabbed a fire extinguisher and approached the fire. AA with fire extinguisher in hand had decided not to use the fire extinguisher and returned to their OP. Shortly after AA with extinguisher returned to their OP. Operations manager had came to the scene of the fire with another fire extinguisher and had deployed extinguisher on the battery fire. RME was contacted to evaluate damage to OP136 in which they determined OP136 was still safe to use with no damage noted. RME was also given discharged extinguisher for replacement.

2. Recordability Rationale – N/A

3. Training – Last hire date 07/17/2026, Tenure: 8 months  30 days, AA trained, 07/17/2025 trained for OP, 07/17/2026 trained for PICK 
 
4. Root Cause – inability to amnesty sweep every aisle efficiently each shift

5. Corrective Actions -  
   1) Partner with RME to replace discharged extinguisher
   2) Coach AA`s to access amnesty in aisles before entering
   3) Standdown with leadership team on correct procedures of fire extinguisher usage


6. SIMBA Participation – In the last 30 days the site has completed 291 SAFE Simbas & 943 AT RISK Simbas, the AA participated in 0 Simbas.

7. ADAPT – AA has 1 active feedback for inactive time
","Button cell battery was ran over by PIT","Employee","False",,"VNA (Very Narrow Aisle)","False","False","False",,,"3a6ae8a0-c9fe-487a-b007-0b5f4646c1a8","COMPLETED","2026-04-16 07:39:36.350","True","(HDC3-26-156) WS from OM who deployed extinguisher,(HDC3-26-156) WS from AA who did not chose to use F.E.,(HDC3-26-156) WS from PA in area,(HDC3-26-156) AA who ran over battery WS","True","False","False",,"False","False",,"True","Box/Package","Single Person Lift - Box/Package","True","False","False",,"Exposure To or Contact With","Fire/Explosion","True",,,,,,,,,,,,,,,"BLUE"
"HGA6","AMZL","NA","US","Georgia","AMZL-NA-R2L","SSD DC","https://NA.ehs-amazon.com/incidents/incident/376fe720-a123-4976-8c0b-f28b38daff5d/summary","HGA6-25-375","CLOSED","PENDING","C",0,"chymerr","2025-08-21 19:21:28.598","2025-08-21 20:13:07.516",1,,"Battery","2025-08-21 00:00:00","2025-08-21T13:59:00Z","2025-08-21 00:00:00","2025-08-21T14:00:00Z","2025-08-21 19:21:28.598","2025-08-21 19:21:28.598","Austin",,"Thermal","Safety","Fire/Flame","POSSIBLE","MINOR","MEDIUM","POSSIBLE","MINOR",,,,"COMPLETED","2025-08-21 20:09:41.338","Employee",,,,"Amazon Warehouse Associate",,"On August 21, 2025, as the Associate approached the stop sign, they were notified by another Associate that was parked along side them that sparks and smoke were visible coming from beneath their PIT. The Associate immediately dismounted the equipment. The fire self-extinguished. Upon investigation, it was discovered that a scanner battery had been left on the ground near the stop sign, and the operator had inadvertently driven over it, causing the battery to explode. Safety personnel were immediately notified and responded to the scene. They properly disposed of the damaged scanner battery and directed the PIT to the red tag area for a thorough inspection.","crushed by an order picker","Other","False",,"Car wash","False","False","False",,,"a0a917ac-100c-47c4-a770-e62d8d68c08f","COMPLETED","2025-08-21 20:13:06.802",,,,,,,,,,"False",,,,,"False",,"Exposure to or contact with","Fire or flame",,,,,,,,,,,,,,,,"BLUE"
"HGA6","AMZL","NA","US","Georgia","AMZL-NA-R2L","SSD DC","https://NA.ehs-amazon.com/incidents/incident/7d545742-94d3-44c6-9877-d1e85ce29bba/summary","HGA6-25-360","CLOSED","PENDING","C",0,"vinamade","2025-08-13 04:31:26.551","2025-08-14 03:01:28.240",1,,"Battery","2025-08-12 00:00:00","2025-08-12T22:50:00Z","2025-08-12 00:00:00","2025-08-13T02:51:00Z","2025-08-13 04:31:26.551","2025-08-13 04:31:26.551","Austin",,"Thermal","Safety","Fire/Flame","POSSIBLE","MINOR","MEDIUM","POSSIBLE","MINOR","MEDIUM","POSSIBLE","MINOR","COMPLETED","2025-08-13 04:37:19.446","Employee",,,,"Amazon Warehouse Associate",,"On 8/12/25, at approximately 6:50PM an AA operating OP132 logged into the OP like every other day but when AA pulled out of the PIT parking lot, they heard a loud noise under the OP like they have ran over some object. AA moved back but didn’t see anything and kept driving. However, when AA got to Pick carwash in zone 8, fire suddenly gusted the OP.","On 8/12/25, at approximately 6:50PM an AA operating OP132 logged into the OP like every other day but when AA pulled out of the PIT parking lot, they heard a loud noise under the OP like they have ran over some object. AA moved back but didn’t see anything and kept driving. However, when AA got to Pick carwash in zone 8, fire suddenly gusted the OP.","Employee","False",,"Car wash","False","False","False",,,"18d18846-f8c5-4225-a4c9-acb46c106b6a","COMPLETED","2025-08-13 08:11:58.696","False",,"False","False","False",,"False","False",,"True","Electronic equipment","Batteries","False","False","False",,"Exposure to or contact with","Fire or flame","True","COMPLETED","2025-08-13 04:38:56.563","Inadequate or missing standards or procedures","Inadequate implementation of procedure",,"Organizational - Workplace",,,"Fire and explosion hazards",,,,,"N/A","BLUE"
"HLA6","AMZL","Fresno","US","California","AMZL-NA-R2L","SSD DC","https://NA.ehs-amazon.com/incidents/incident/063cbe58-5d7a-454f-a789-e9b960d68701/summary","HLA6-25-816","CLOSED","PENDING","B",0,"ethbay","2025-09-08 02:35:21.423","2025-10-12 16:02:00.846",1,,"Waste","2025-09-07 00:00:00","2025-09-07T08:10:00Z","2025-09-07 00:00:00","2025-09-07T08:15:00Z","2025-09-08 02:35:21.423","2025-09-08 02:35:21.423","Austin",,"Fire and Explosion Hazard","Safety","Fuel sources (flammable/combustible material)","HIGHLY_UNLIKELY","SIGNIFICANT","LOW","HIGHLY_UNLIKELY","SIGNIFICANT","LOW","HIGHLY_UNLIKELY","SIGNIFICANT","COMPLETED","2025-10-12 15:57:46.536","Employee",,,,"Amazon Warehouse Associate",,"Thermal event occurred on 9/7/25 at approximately 01:10am in the corrugate cardboard auger. Evacuation occurred and GSOC called. More information to follow, pending investigation","Unknown","Other","True","0 to 3","Outbound Dock","True","True","False",,,"7157e217-e66c-4cc3-963b-dbe582515483","COMPLETED","2025-10-12 15:58:42.357",,,,,,,,,,"False",,,,,"True","cardboard auger became overfilled","Environmental","Waste management",,"COMPLETED","2025-10-12 15:58:42.425","Inadequate purchasing or contractor management","Other","Excessive cardboard buildup in the auger due to inadequate waste management contingency planning for holiday periods","Human - Behaviour",,,,,,,,"N/A","BLUE"
"HLA6","AMZL","Fresno","US","California","AMZL-NA-R2L","SSD DC","https://NA.ehs-amazon.com/incidents/incident/0eb15fd5-9c38-41a4-b344-dc10e695dead/summary","HLA6-25-84","CLOSED","PENDING","D",0,"shaburst","2025-02-12 04:20:16.315","2025-10-12 16:02:20.150",1,,"Structure","2025-02-10 00:00:00","2025-02-11T00:15:00Z","2025-02-10 00:00:00","2025-02-11T00:30:00Z","2025-02-12 04:20:16.315","2025-02-12 04:20:16.315","Austin",,"Thermal","Safety","Fire/Flame","HIGHLY_UNLIKELY","NEGLIGIBLE","NEGLIGIBLE","HIGHLY_UNLIKELY","NEGLIGIBLE",,,,"COMPLETED","2025-10-12 15:58:35.749","Contractor",,"Independent","RME",,"RME - JLL","SSD-DC-HLA6 (Event, Fire): On 02/10/2025 at approximately 4:30 PM, WHS was notified of smoke smell coming from the Auger. AT 4:35 PM WHS and RME went to Lock out and tag out the auger and begin an assessment on the auger. From assessment there was no sign of an active fire, and RME was able to find that the smoke smell was coming from the screws inside of the auger. A severity level 2 ticket was put in and waste management was called to come to the site. At 5:20 PM While waiting on a response from Waste management RME and WHS noticed an increased smell of smoke coming from the agar, but no visible flames on the interior and exterior were found. At 5:40 PM the fire department was called to come to the site, and the fire alarm was initiated and the building was evacuated. The Fire Department arrived on the scene at 5:48 PM. Upon arriving the fire department began to detach the auger container from the auger. At 6:11 PM the auger container of was detached in the back of the auger behind the screws small fire was found. The fire was fully extinguished at 7:24 PM and the Fire Department gave clearance to the WHSM and RME AM to go into the building check to resume operations. The WHS Manager and RME Manger gave the all clear at 8:15 PM and normal operations resumed at 8:30 PM.

After further investigation the fire department declared that the fire was caused by an over packed auger container. It has been verified that the site has a scheduled pick up with waste management on twice a week on Tuesday and Friday. It was confirmed that the last auger container pick-up happened on Friday 02/07/2025 at 10:45 AM. In addition, it was also found that the site’s Pick to Exhaust (PTE) Volume from Friday dayshift to Saturday nightshift did not exceed the average volume processed to contribute to the overfilling of the auger container. Upon further investigation with RME once the auger capacity reaches close to the full capacity the auger is supposed to automatically shut down. After review with the RME team it was found that the ","Cardboard Friction Fire","Other","True","0 to 3","Yard","True","True","False",,,,,,,,,,,,,,,,,,,,,,,,,,,,,,,,,,,,,,,"BLUE"
"HLA6","AMZL","Fresno","US","California","AMZL-NA-R2L","SSD DC","https://NA.ehs-amazon.com/incidents/incident/6e17920c-c0a0-4bef-aac9-88f7d8cc95e6/summary","HLA6-25-747","CLOSED","PENDING","B",0,"felixxda","2025-08-22 18:27:45.402","2025-10-12 16:02:26.187",1,,"Battery","2025-08-22 00:00:00","2025-08-22T16:55:00Z","2025-08-22 00:00:00","2025-08-22T16:57:00Z","2025-08-22 18:27:45.402","2025-08-22 18:27:45.402","Austin",,"Noise_Vibration_Work_Environment","Health","Flammable material","POSSIBLE","SIGNIFICANT","SUBSTANTIAL","POSSIBLE","SIGNIFICANT",,,,"COMPLETED","2025-10-12 15:57:14.963","Employee",,,,"Amazon Warehouse Associate",,"On August 22, 2025, at approximately 09:30AM PST, operations leaders received an escalation from an associate about smoke and flames coming from under an Order Picker (OP 133) near aisle 150-151. The associate said that he heard a popping sound and saw smoke and then immediately reported the incident to an Area Manager Elizabeth Montes.The associate was traveling out of aisle 149-150 and turning to go into aisle 150-151. Safety and operations leaders responded and confirmed an active fire. The site immediately triggered the fire alarm and began evacuation. Operations leaders contacted emergency services at 09:43AM PDT, and Visalia Fire Department (FD) arrived onsite at 09:53 AM PST.

When the Fire Department arrived, the fire was already extinguished. Raymond technicians removed the package from under OP 133. It was determined that was a smoke detector that caused the thermal event; however, there was no package, and the location of the item could not be determined. The FD cleared the scene at 10:30AM PST. Workplace Health and Safety (WHS) and RME conducted a final site walk, measuring Carbon Monoxide (CO) readings of 0 Parts Per Million (PPM) and an Air Quality Index (AQI) of 5. Finding no further risks, they issued the all-clear at 10:30am PST, and operations resumed at 11:00am PST. 

Investigation revealed the thermal event lasted from 1 minute, triggered when an Order Picker ran over a smoke detector in the main travel aisle. The product involved could not be identified, but it could be determined that it was a smoke detector that had an internal battery. The site confirmed the aisle had been swept for amnesty at 8:33am earlier that day via the apollo audit that was submitted and the photos taken in the aisle validated no trash or amnesty was pushed into the aisle by Order Pickers. Video footage confirmed that here were several Ops and a tugger that could see the product in the main travel aisle and did not report or stop to remove it from the area. In addition, showed a tugger pit equipment strike the produ","OP ran over a smoke detector","Employee","False",,"VNA (Very Narrow Aisle)","True","True","False",,,"59ddb715-8da5-41a8-83b0-3f87b95ac7da",,,,,,,,,,,,,,,,,,,,,,,,,,,,,,,,,,,,"BLUE"
"HLA6","AMZL","Fresno","US","California","AMZL-NA-R2L","SSD DC","https://NA.ehs-amazon.com/incidents/incident/78fbc13c-8280-4749-9b60-edf131b84430/summary","HLA6-25-315","CLOSED","PENDING","B",0,"noehr","2025-05-19 12:13:26.517","2025-10-12 16:01:47.090",1,,"Machinery","2025-05-18 00:00:00","2025-05-19T00:38:00Z","2025-05-18 00:00:00","2025-05-19T00:39:00Z","2025-05-19 12:13:26.517","2025-05-19 12:13:26.517","Austin",,"Ergonomic","Health","Poor housekeeping","UNLIKELY","SIGNIFICANT","MEDIUM","UNLIKELY","SIGNIFICANT","MEDIUM","UNLIKELY","SIGNIFICANT","COMPLETED","2025-10-12 15:56:54.494","Employee",,,,"Amazon Warehouse Associate",,"AA felt sick due to smoke inhalation. ","Friction fire due to a product being dragged under an OP","Other","False",,"Straight Away","True","True","False",,,"68c2b816-18d4-4ca3-9b6c-527a1ce0a887","COMPLETED","2025-10-12 15:59:04.711","False",,"False","False","False",,"False","False",,"False",,,"False","False","False",,"Exposure to or contact with","Fire or flame","False","COMPLETED","2025-10-12 15:59:04.801","Communication","Inadequate communication of safety requirements",,"Human - Leadership",,,,,,"Poor housekeeping or area readiness",,"N/A","BLUE"
"HLA6","AMZL","Fresno","US","California","AMZL-NA-R2L","SSD DC","https://NA.ehs-amazon.com/incidents/incident/843db845-a082-4a0c-8b49-2df1489bb852/summary","HLA6-25-678","CLOSED","PENDING","B",0,"noehr","2025-08-06 13:01:23.333","2025-10-12 16:01:59.909",1,,"Battery","2025-08-06 00:00:00","2025-08-06T07:30:00Z","2025-08-06 00:00:00","2025-08-06T07:44:00Z","2025-08-06 13:01:23.333","2025-08-06 13:01:23.333","Austin",,"Noise_Vibration_Work_Environment","Health","Combustible material","POSSIBLE","SIGNIFICANT","SUBSTANTIAL","POSSIBLE","SIGNIFICANT",,,,"COMPLETED","2025-10-12 15:57:43.425","Employee",,,,"Amazon Warehouse Associate",,"At approximately 00:30 it was reported via a radio call that a fire was burning in aisle 452-453. At 00:44 evacuation commenced with the fire department arriving at 00:52 and departing at 03:07. The all clear was given at 03:44. Upon further investigation it was discovered that the fire started due to portable batteries being run over after falling from V452M580. ","OP ran over amnesty ","Other","False",,"VNA (Very Narrow Aisle)","True","True","False",,,"1ced5a54-c934-4237-acf1-67cf61095641","COMPLETED","2025-10-12 15:57:18.722",,,,,,,,,,"True","PIT","Order picker",,,"False",,"Exposure to or contact with","Fire or flame",,,,,,,,,,,,,,,,"BLUE"
"SAX1","AMZL","NA","US","California","AMZL-NA-R2L","SSD FC","https://NA.ehs-amazon.com/incidents/incident/636b6d2f-822d-4ed8-a9d6-62ca9c4954bc/summary","SAX1-26-207","CLOSED","PENDING","D",0,"pabarboz","2026-04-20 17:51:20.708","2026-04-20 19:18:36.979",1,,"Battery","2026-04-20 00:00:00","2026-04-20T14:15:00Z","2026-04-20 00:00:00","2026-04-20T14:20:00Z","2026-04-20 17:51:20.708","2026-04-20 17:51:20.708","Austin",,"Fire and Explosion Hazard","Safety","Fire","HIGHLY_UNLIKELY","NEGLIGIBLE","NEGLIGIBLE","HIGHLY_UNLIKELY","NEGLIGIBLE",,,,"COMPLETED","2026-04-20 18:49:42.609","Employee",,,,"PIT Operator",,"SAX1 Work Incident: Thermal Fire
Time of Incident: Approx. 07:00
Date of Event : 4/20/2026
Manager Investigating : pabarboz

On 04/20/2026 at approximately 07:05 an AA was reversing on their OP they felt something, stopped and saw the battery. At approximately 07:10 AA came to notify leadership and one of the AMs was the closest to respond.

AA was asked how the battery ended up in that specific spot it was found when two other managers showed up. It wasn't clear if the AA kicked it out of the way once they saw it.
When other managers arrived an extinguisher had already been used. However, the battery still had smoke coming from it.

RME was notified to come check it out and to see if there was a way we could get it safety out of the area or building. A water bucket and a sort of clamp/tongs or pliers was used to remove it. RME was using their PPE. After it was removed the extinguisher debris was also cleaned up by RME. A lingering smell was noticeable in the area.

We cleared the area completely and made sure no one was moving or parking other OPs or FLs in the area until post break at 08:00.

Emergency services was not called. GSOC was notified (EMT ID: 1279156.) No injuries reported.

Operational Impact: OB VNA Pick and IB VNA Stow for approx. 90 -120 minutes. VNA Pick, VNA Pick Express, VNA Pick Rapid TRB request submitted.

After further inspection, the backing of the battery pack was found near the OP which appears to have detached from the battery itself.

Investigation still pending.","Battery ran over as the AA was reversing on OP.","Employee","False",,"VNA (Very Narrow Aisle)","False","True","False",,,"ac7d3f33-0a79-4e66-819e-4c4f953b3f6b","COMPLETED","2026-04-20 19:13:09.447","False",,"False","False","True",,"False","False",,"True","PIT,Electronic Equipment","Order Picker Truck,Batteries","True","False","True","Fire Extinguisher used","Caught in or Between","Object/Equipment","False",,,,,,,,,,,,,,,"BLUE"
"SAX2","AMZL","NA","US","California","AMZL-NA-R2L","SSD FC","https://NA.ehs-amazon.com/incidents/incident/1750d624-a689-4c6c-8e0b-651767e822ea/summary","SAX2-24-242","IN_PROGRESS","PENDING","B",0,"bmmed","2024-07-25 02:39:26.919","2025-02-06 20:49:56.062",0,,"Vegetation","2024-07-24 00:00:00","2024-07-25T01:40:00.112Z","2024-07-24 00:00:00","2024-07-25T01:41:00.353Z","2024-07-25 02:39:26.919","2024-07-25 02:39:26.919","Austin",,"Communication, Consultation, and Participation","Management Standards","None","UNLIKELY","SIGNIFICANT","MEDIUM","UNLIKELY","SIGNIFICANT","MEDIUM","UNLIKELY","SIGNIFICANT","COMPLETED","2025-02-06 22:01:22.819","Employee",,,,"Amazon Warehouse Associate",,"At approximately 18:40 on 7/24/24 a fire (without flames) started when a cigarette butt was thrown into the tree lot of the parking lot. Smoke began to rise, but no flames were observed. Security attempted to extinguish the smoke by placing dirt on top of it but was unsuccessful. RME then spread the dirt onto the blacktop of the parking lot, which successfully stopped the smoke ","cigarette butt","Employee","False",,"Onsite Parking Lot","False","False","False",,,"7e423d6a-4626-43e2-9165-210ad41a0ac3","COMPLETED","2025-02-06 21:59:46.963","False",,"False","False","False",,"False","False",,"False",,,"True","False","False",,"Environmental","Waste management","False",,,,,,,,,,,,,,,"BLUE"
"SAX2","AMZL","NA","US","California","AMZL-NA-R2L","SSD FC","https://NA.ehs-amazon.com/incidents/incident/743a3e9a-5c5f-42de-8d9e-10c966e1f240/summary","SAX2-25-505","CLOSED","PENDING","B",0,"chaadan","2025-12-04 01:20:42.017","2026-01-31 16:06:40.696",1,"PIT","Battery","2025-12-03 00:00:00","2025-12-03T15:51:00Z","2025-12-03 00:00:00","2025-12-03T15:52:00Z","2025-12-04 01:20:42.017","2025-12-04 01:20:42.017","Austin",,"Fire and Explosion Hazard","Safety","Fire","UNLIKELY","SIGNIFICANT","MEDIUM","UNLIKELY","SIGNIFICANT","MEDIUM","UNLIKELY","SIGNIFICANT","COMPLETED","2025-12-04 01:25:06.964","Employee",,,,"Amazon Warehouse Associate",,"SSD-FC: SAX2 - (Near miss - Fire (Amazon Associate)) DESCRIPTION- On 12/03/2025 at approximately 0751, an On December 3, 2025, at 7:51 AM, an incident occurred involving Hyster Forklift #02. After AA Napierib completed his pre-operations checklist, an undetected Honeywell 1991i SR wireless scanner battery was crushed under the forklift's directional tire, causing the battery to ignite. Security camera footage from the previous use of the PIT was on December 3, 2025, at 2:34 AM shows the floor was clear of any debris, trash, or batteries, indicating the battery's presence was recent and not visible during the pre-operation’s inspection. Upon seeing the battery catch fire, AA Napierib immediately radioed for assistance. The site was promptly evacuated, and both emergency services (911) and GSOC were contacted to respond to the fire. AA was working in Transfer In support process path at the time. TRAINING- The AA was trained on this function on 04/08/2025 in module Forklift/Stand up. ROOT CAUSE- EQUIPMENT/MACHINE-Faulty equipment maintenance/inspection procedures not followed to ensure that equipment/tools is stored properly. CORRECTIVE ACTIONS- 1. Create a mandatory Formulate safety stand-downs to educate all associates on proper battery handling, storage protocols, and hazard recognition procedures, supported by a newly developed audit program to ensure ongoing compliance. (Owner: Chaadan. ECD: 12/10/2025) 2. Submit TT to active TLD Scanner and Battery recovery for SSD BU to leverage TLD personnel to help recover batteries throughout the site. (Owner: Chaadan. ECD: 12/10/2025) 3. Establish a designated ""Watch Tower"" equipment control center to implement proper storage, tracking, and accountability procedures for all operational equipment. (Owner: Lecaitly. ECD: 12/24/25). ADDITIONAL DETAILS- Facility Equipment was involved in this incident, specifically Hyster Forklift. The incident occurred specifically at VNA Parking lot - Stand up Parking Spot 2. An object was involved in this incident; the object is described","Lithium battier was crushed by Forklift","Other","False",,"Inbound Dock","True","True","False",,,"4c2ffb48-bc80-4260-b731-0703fc72d5ce","COMPLETED","2025-12-04 01:38:44.485","False",,"False","False","False",,"False","False",,"True","PIT,Electronic equipment","Fork truck,Batteries","True","False","False",,"Exposure to or contact with","Fire or flame","True","COMPLETED","2025-12-04 02:06:33.683","Inadequate or improper tools or equipment","Other","Faulty equipment maintenance/inspection procedures not followed to ensure that equipment/tools is stored properly","Human - Behaviour","Using equipment improperly",,,,,,,"N/A","BLUE"
"SCA7","AMZL","NA","US","California","AMZL-NA-R2L","SSD FC","https://NA.ehs-amazon.com/incidents/incident/65b36790-baeb-47e5-92c8-fbacc54ff815/summary","SCA7-25-252","CLOSED","PENDING","B",0,"iwatsocl","2025-07-17 19:53:24.274","2025-07-17 20:33:36.681",1,,"Waste","2025-07-11 00:00:00","2025-07-11T18:00:00Z","2025-07-11 00:00:00","2025-07-11T18:05:00Z","2025-07-17 19:53:24.274","2025-07-17 19:53:24.274","Austin",,"Non-regulated / Non-hazardous / Medical / Food waste","Environment","Waste disposal","UNLIKELY","SIGNIFICANT","MEDIUM","UNLIKELY","SIGNIFICANT",,,,"COMPLETED","2025-07-17 20:33:34.722","Employee",,,,"RME - Manager",,"RME manager (fevr) acquired fire extinguisher from @zchaalex (RME - BHDs) and extinguished the fire at the facility auger and container connection point. This suppressed the fire until emergency responders arrived to saturate the internal container, auger and area surrounding the auger inside the facility. 
Additional participants:
WHS (alaepalm) contacted 911 and coordinated emergency responders to fire event and adjacent  facility clear actions
Fire Station #38 contact info:
Chief Ron Romelfinger - Cell/ 619-205-0300
","Recycle compactor/auger was overloaded and the continuous friction turning of the compactor augers genrated a hesat signiture that resulted in the internal material to catch fire","Employee","True","0 to 3","Yard - Compactor Area","True","True","False",,,"71f658a2-2429-41bd-b6af-47c8c9cefe4c",,,,,,,,,,,,,,,,,,,,,,,,,,,,,,,,,,,,"BLUE"
"SIL1","AMZL","NA","US","Illinois","AMZL-NA-R2L","SSD FC","https://NA.ehs-amazon.com/incidents/incident/d95b5ce1-14ad-4ed6-b2d1-d064b9ac4b46/summary","SIL1-23-8","CLOSED","PENDING","B",0,"rllinsky","2023-07-09 00:22:16.957","2025-02-06 20:55:17.266",0,,"Vehicle","2023-07-08 00:00:00","2023-07-08T19:26:00.000Z","2023-07-08 00:00:00","2023-07-08T19:28:00.939Z","2023-07-09 00:22:16.957","2023-07-09 00:22:16.957","Austin",,"Safety Save","Safety Save","None","HIGHLY_UNLIKELY","SIGNIFICANT","LOW","HIGHLY_UNLIKELY","SIGNIFICANT",,,,"COMPLETED","2025-02-06 20:51:58.520","Employee",,,,"Amazon Warehouse Associate",,"On 07/08/2023, at approximately 14:00, a Class X Associate was working in the Pack process path reported light headedness and dizziness from an outside work medical condition. AA left the building at 14:07 and sat in their car while their emergency contact came to pick them up. At 14:23 AA attempted to walk from their car to their emergency contacts car and fainted in the grass in the parking lot. Emergency contact immediately called 911 at 14:26. Leadership was informed and immediately went outside by 14:28. AED was brought with but not used as AA remained conscious until EMS arrived at 14:36. AA left with emergency contact at 14:58 to Silver Cross Hospital and was conscious when they departed. AA was not on the clock at time of incident. The injured AA participated in 1 SGT since July. The AA was performing at a rate of 60 compared to the target goal of 300. The AA has worked a total of 7.5 hours this week and 3 hours on the day of injury in parking lot. The AA was wearing the appropriate PPE for the). The AA had a start date of 3/23/23, was trained in the process on 3/23/23","n/a","Other","False",,"Onsite Parking Lot","False","True","False",,,"153a2117-c909-478b-b50e-31790d449b33",,,,,,,,,,,,,,,,,,,,,,,,,,,,,,,,,,,,"BLUE"
"SMN1","AMZL","NA","US","Minnesota","AMZL-NA-R2L","SSD FC","https://NA.ehs-amazon.com/incidents/incident/069cf4f6-cc03-421b-a721-93c712038bdc/summary","SMN1-23-069cf4f6","CLOSED","PENDING","C",0,"catucht","2023-06-02 21:14:34.149","2025-02-06 20:56:49.280",0,,"Waste","2023-06-02 00:00:00","2023-06-02T20:15:00.725Z","2023-06-02 00:00:00","2023-06-02T21:20:00.175Z","2023-06-02 21:14:34.149","2023-06-02 21:14:34.149","Austin",,"Thermal","Safety","Fire/Flame","POSSIBLE","MINOR","MEDIUM","POSSIBLE","MINOR",,,,"COMPLETED","2025-02-06 21:07:18.699","Employee",,,,"Amazon Warehouse Associate",,"Mahdi,Muktar (muktmahd) placed a MacDonald's bag with a Chick Filet sandwich into the first microwave closest to the sink.  Manandon saw smoke and grabbed the bag and put it in the sink to extinguish the fire.  Once the fire was put out blynnett was called as the AM nearest to the break room.  Security went to look after everything was over also.","AA placed a Chick Filet Wrapped Sandwich into Microwave and stepped away.  The Sandwich started on fire another AA saw the fire and took the wrapper out and placed it in the sink which was 5 feet away and extinguished the fire.  The fire caused damage to the microwave.","Employee","False",,"Break Room/Cafeteria","False","False","False",,,"581dc61a-e342-4d0b-90b1-ff94c81e5e77",,,,,,,,,,,,,,,,,,,,,,,,,,,,,,,,,,,,"BLUE"
"SMO2","AMZL","NA","US","Illinois","AMZL-NA-R2L","SSD FC","https://NA.ehs-amazon.com/incidents/incident/415ad497-5edb-40be-947d-6385d7c4a52f/summary","SMO2-22-415ad497","CLOSED","PENDING","D",0,"tkulin","2022-05-29 17:42:19.656","2025-02-06 20:57:47.432",0,,"Vegetation","2022-05-29 00:00:00","2022-05-29T16:05:00.000Z","2022-05-29 00:00:00","2022-05-29T19:50:00.000Z","2022-05-29 17:42:19.656","2022-05-29 17:42:19.656","Austin",,"Thermal","Safety","Fire/Flame","POSSIBLE","MAJOR","HIGH","POSSIBLE","MAJOR","NEGLIGIBLE","UNLIKELY","NEGLIGIBLE","COMPLETED","2025-02-17 16:28:27.394","Employee",,,,"Manager",,"Security notified leadership of the fire. AM grabbed and used fire extinguisher to put out growing bush/mulch fire next to entrance.","Lit cigarrette thrown into mulch/bushes","Employee","False",,"Onsite Parking Lot","False","True","False",,,"a800c189-360d-4a82-a362-50744ca86ba5","COMPLETED","2025-02-06 21:24:25.975","False",,"False","False","False",,"False","False",,"False",,,"False","False","False",,"Exposure to or contact with","Fire or flame","False","COMPLETED","2025-02-06 21:27:22.498","Limited or incorrect direction/instruction from leadership or supervisor","Inadequate identification, assessment and control of workplace hazards",,"Human - Behaviour","Failure to properly dispose of waste",,,,,,,"N/A","BLUE"
"SNV4","AMZL","NA","US","Nevada","AMZL-NA-R2L","SSD FC","https://NA.ehs-amazon.com/incidents/incident/dad4cb7a-002d-4036-b27e-74c779029077/summary","SNV4-26-1","CLOSED","PENDING","D",0,"ijocelyg","2026-03-17 23:15:18.586","2026-03-17 23:23:04.868",1,,"Machinery","2026-03-17 00:00:00","2026-03-17T22:28:00Z","2026-03-17 00:00:00","2026-03-17T22:40:00Z","2026-03-17 23:15:18.586","2026-03-17 23:15:18.586","Austin",,"Fire and Explosion Hazard","Safety","Fire","HIGHLY_UNLIKELY","NEGLIGIBLE","NEGLIGIBLE","HIGHLY_UNLIKELY","NEGLIGIBLE",,,,"COMPLETED","2026-03-17 23:23:03.414","Contractor",,"Dependent","Ops Engineering",,"Start-up Contractor ","At approx. 15:28 PST, OM slacked me that start up POC just put out a fire by sortation break room fridge. Fire alarms did not activate as it was in the fridge motor. 

Electronic company checked the voltage and outlet,it was the right voltage and right cord. Root cause: leak from the fridge is highly flammable 

","Refrigerator was lieking oil ","Contractor","False",,"Break Room/Cafeteria","False","False","False",,,,,,,,,,,,,,,,,,,,,,,,,,,,,,,,,,,,,,,"BLUE"
"SOH2","AMZL","NA","US","Ohio","AMZL-NA-R2L","SSD FC","https://NA.ehs-amazon.com/incidents/incident/de0b0602-90f4-4546-a7fd-84f28f30c5cc/summary","SOH2-22-de0b0602","CLOSED","PENDING","PENDING",0,"chadco","2022-03-02 17:53:14.029","2025-02-06 20:57:07.304",0,,"Battery","2022-03-02 00:00:00","2022-03-02T13:15:17.171Z","2022-03-02 00:00:00","2022-03-02T13:15:17.173Z","2022-03-02 17:53:14.029","2022-03-02 17:53:14.029","Austin",,"Emergency Preparedness, Response, Fire Prevention","Management Standards",,"POSSIBLE","SIGNIFICANT","SUBSTANTIAL","POSSIBLE","SIGNIFICANT","SUBSTANTIAL","POSSIBLE","SIGNIFICANT","COMPLETED","2025-02-06 21:02:42.855","Employee",,,,"RME - Technician",,"RME Tech saw small fire on AR floor from RME cage.  He activated his SRBRS vest and headed to place of incident, grabbing fire extinguisher on his way. By the time he arrived the battery had burned itself out and extinguisher was not used.","Bot rolled over quarter-sized Li battery","Other","False",,"AR Floor","False","True","False",,,"c22e4641-5d11-4b5e-bcc8-eee6e54164ce","COMPLETED","2025-02-06 20:57:00.492","False",,"False","False","False",,"False","True","{""id"":""e009b69b-35c1-4d8a-8390-8f1d93421ab2"",""type"":""img""}","True","Other equipment","other","False","False","False",,"Struck by or against","Moving, rolling or sliding object","False","COMPLETED","2025-02-06 20:57:00.605","Training or knowledge-transfer","Inadequate knowledge transfer",,"Technical - Equipment",,,,"Fire and explosion hazards",,,"https://inside.amazon.com/en/Pages/default.aspx","Small thin items stowed laying down, slipped out of front of bin, under banding but above lip of bin.","BLUE"
"SOR3","AMZL","NA","US","Oregon","AMZL-NA-R2L","SSD FC","https://NA.ehs-amazon.com/incidents/incident/631e3d06-5254-4e59-9efd-a5e695dc84b9/summary","SOR3-23-631e3d06","CLOSED","PENDING","C",0,"webbtre","2023-06-13 00:25:04.125","2025-02-06 20:56:26.753",0,,"Vegetation","2023-06-12 00:00:00","2023-06-12T17:54:00.010Z","2023-06-12 00:00:00","2023-06-12T22:30:00.000Z","2023-06-13 00:25:04.125","2023-06-13 00:25:04.125","Austin",,"Thermal","Safety","Fire/Flame","POSSIBLE","MINOR","MEDIUM","POSSIBLE","MINOR","MEDIUM","POSSIBLE","MINOR","COMPLETED","2025-02-06 21:09:49.242","Employee",,,,"Amazon Warehouse Associate",,"On 6.12.23 at approximately 1530hrs, security contacted Operations about smoke that was coming from a mulched area in the AA parking lot. Ops responded and observed the affected area was smoldering with smoke coming from the area. A sprinkler head was damaged as a result. GSOC was contacted at 1535hrs. Site Leadership doused the affected area with water and contacted the Portland Fire Department Non-emergency line. 

Fire Department arrived on site at 1750hrs. They further doused the affected area with water and departed the site at 1756hrs. 

A video review was conducted and showed an AA attempt to extuinguish a cigarette in the affected mulched area at 10:54AM. ","A cigarette what attempted to be extinguished in the mulch at 10:54AM. ","Other","False",,"Onsite Parking Lot","False","True","False",,,"c7a5c93e-c130-4c3c-bf84-7a5d708f8345","COMPLETED","2025-02-06 21:13:36.050","False",,"False","False","False",,"False","False",,"False",,,"True","False","False",,"Exposure to or contact with","Hot object or substance","False","COMPLETED","2025-02-06 21:14:35.181","Communication","Inadequate / conflicting / confusing instructions",,"Human - Leadership",,,,,,"Improper instruction, guidance or direction",,"N/A","BLUE"
"STN1","AMZL","NA","US","Tennessee","AMZL-NA-R2L","SSD FC","https://NA.ehs-amazon.com/incidents/incident/5cc8763a-2ca0-4e1d-b5c4-36cfbf36d374/summary","STN1-25-206","CLOSED","PENDING","D",0,"hodcandi","2025-11-08 13:01:49.047","2025-11-08 13:12:19.590",1,,"Structure","2025-11-07 00:00:00","2025-11-08T04:06:00Z","2025-11-07 00:00:00","2025-11-08T04:07:00Z","2025-11-08 13:01:49.047","2025-11-08 13:01:49.047","Austin",,"Fire and Explosion Hazard","Safety","Fire","UNLIKELY","NEGLIGIBLE","NEGLIGIBLE","UNLIKELY","NEGLIGIBLE",,,,"COMPLETED","2025-11-08 13:08:11.431","Employee",,,,"Manager",,"On 11/07/2025 at 23:06pm fire alarm triggered throughout entire warehouse. Team activated emergency response plan and evacuated entire building. As the team cleared warehouse it was noted there were no indicators(smell, visual) of a fire in the warehouse. GSOC was notified and fire department was dispatched to site. At 23:20pm the fire department arrived on site and entered the building. FD confirmed there was no imminent danger and cleared building for reentry at 23:27pm.","No fire, alarm triggered by sensor","Other","False",,"Other Offsite or Public Place","True","True","False",,,"44ea8af1-ff6d-4be3-b3bb-753f6f4e8a3c","COMPLETED","2025-11-08 13:12:18.933",,,,,,,,,,"False",,,,,"False",,"Exposure to or contact with","Fire or flame",,,,,,,,,,,,,,,,"BLUE"
"STN1","AMZL","NA","US","Tennessee","AMZL-NA-R2L","SSD FC","https://NA.ehs-amazon.com/incidents/incident/614743f3-6991-4fe1-ba1c-b80770477df5/summary","STN1-25-188","CLOSED","PENDING","D",0,"hodcandi","2025-10-25 08:03:34.411","2025-10-25 10:30:46.793",1,,"Structure","2025-10-25 00:00:00","2025-10-25T06:37:00Z","2025-10-25 00:00:00","2025-10-25T06:40:00Z","2025-10-25 08:03:34.411","2025-10-25 08:03:34.411","Austin",,"Fire and Explosion Hazard","Safety","Fire","UNLIKELY","NEGLIGIBLE","NEGLIGIBLE","UNLIKELY","NEGLIGIBLE",,,,"COMPLETED","2025-10-25 10:26:46.529","Employee",,,,"Manager",,"On 10/25/2025 at 01:38am fire alarm triggered throughout entire warehouse. Team activated emergency response plan and evacuated entire building. As the team cleared warehouse it was noted there were no indicators(smell, visual) of a fire in the warehouse. GSOC was notified and fire department was dispatched to site. At 02:12am the fire department arrived on site and entered the building. FD confirmed there was no imminent danger and cleared building for reentry at 02:23am.","No fire, alarm caused due to water pressure in sprinkler system in other location of shared warehouse. ","Other","False",,"Other Offsite or Public Place","True","True","False",,,"44ea8af1-ff6d-4be3-b3bb-753f6f4e8a3c","COMPLETED","2025-10-25 10:30:46.003","False",,"False","False","False",,"False","False",,"False",,,"False","False","False",,"Exposure to or contact with","Fire or flame","False",,,,,,,,,,,,,,,"BLUE"
"STN1","AMZL","NA","US","Tennessee","AMZL-NA-R2L","SSD FC","https://NA.ehs-amazon.com/incidents/incident/db6def31-0ba1-43c3-9037-b7194feef68d/summary","STN1-26-1","CLOSED","PENDING","D",0,"hodcandi","2026-01-02 12:39:16.488","2026-01-02 12:47:04.872",1,,"Electrical","2026-01-02 00:00:00","2026-01-02T06:05:00Z","2026-01-02 00:00:00","2026-01-02T06:06:00Z","2026-01-02 12:39:16.488","2026-01-02 12:39:16.488","Austin",,"Fire and Explosion Hazard","Safety","Fire","UNLIKELY","NEGLIGIBLE","NEGLIGIBLE","UNLIKELY","NEGLIGIBLE",,,,"COMPLETED","2026-01-02 12:44:01.113","Employee",,,,"Manager",,"At 00:05 fire alarm triggered for entire warehouse. Emergency response activated. FD came onto site and gave all clear allowing team back in the building. It was identified that DD111 caused the electric system to glitch who triggered alarm. No flames/fire present on site. ","No fire, electrial glitch in in DD111 caused alarm to trigger.","Other","False",,"Yard - Dock Door","True","True","False",,,"44ea8af1-ff6d-4be3-b3bb-753f6f4e8a3c","COMPLETED","2026-01-02 12:47:04.212",,,,,,,,,,"False",,,,,"False",,"Exposure to or contact with","Fire or flame",,,,,,,,,,,,,,,,"BLUE"
"SWA1","AMZL","NA","US","Washington","AMZL-NA-R2L","SSD FC","https://NA.ehs-amazon.com/incidents/incident/10f79f82-256f-41f6-a1a4-17f8d656ac08/summary","SWA1-24-245","CLOSED","PENDING","C",0,"vvaggelo","2024-07-13 14:50:13.509","2025-02-06 20:55:30.783",0,,"Waste","2024-07-13 00:00:00","2024-07-13T08:19:00.038Z","2024-07-13 00:00:00","2024-07-13T08:19:00.515Z","2024-07-13 14:50:13.509","2024-07-13 14:50:13.509","Austin",,"Competence, Awareness, and Training","Management Standards","None","UNLIKELY","MINOR","LOW","UNLIKELY","MINOR","LOW","UNLIKELY","MINOR","COMPLETED","2025-02-06 20:58:48.673","Employee",,,,"Amazon Warehouse Associate",,"This morning around 01:18am a burning smell was coming from the break room. Manager went in to investigate around 0120 and noticed smoke coming from the trash can. Manager pulled the bag out and stepped on it to put out any embers that could cause a fire, and then took it outside due to the smell. Manager dumped it out on the road to find out what was inside that caused it and noticed a napkin with embers on it that was slightly burning still, the manager then stepped on it again and put out any remaining embers. During the video investigation it looks like an AA put food in the microwave wrapped in foil, once they took it out they threw part of it in the trash causing it to spark a flame and smoke. ","Foil that was microwaved ","Other","False",,"Break Room/Cafeteria","False","False","False",,,"b1c2a0d8-53f5-4669-9f7a-5c60e55a3312","COMPLETED","2025-02-06 21:00:52.146","False",,"False","False","False",,"False","False",,"False",,,"True","False","False",,"Exposure to or contact with","Fire or flame","False","COMPLETED","2025-02-06 21:00:52.270","Inadequate or missing standards or procedures","Inadequate implementation of procedure",,"Human - Behaviour","Failure to assess hazards prior to commencing task",,,,,,,"N/A","BLUE"
"HDC3","AMZL","NA","US","Pennsylvania","AMZL-NA-R2L","SSD DC","https://NA.ehs-amazon.com/incidents/incident/e9b10f6e-5a33-45d1-86a0-284e24535a53/summary","HDC3-25-586","CLOSED","PENDING","B",0,"claussn","2025-12-05 08:22:20.961","2025-12-15 20:21:16.308",1,,"Battery","2025-12-05 00:00:00","2025-12-05T07:25:00.000Z","2025-12-05 00:00:00","2025-12-05T07:30:00.000Z","2025-12-05 08:22:20.961","2025-12-05 08:22:20.961","Austin",,"Fire and Explosion Hazard","Safety","Fire","POSSIBLE","SIGNIFICANT","SUBSTANTIAL","POSSIBLE","SIGNIFICANT","SUBSTANTIAL","POSSIBLE","SIGNIFICANT","COMPLETED","2025-12-07 06:22:34.609","Employee",,,,"Amazon Warehouse Associate",,"Incident description_ SSD- DC- HDC3 (Fire) - On 12/05/25 at 2:30 AM., AA was coming out of a VNA on OP 214 in the 200’s on the phase 2 side when they were alerted by an ABM associate that their OP wheel was on fire. AA then stepped off OP while waiting for help from the help me app. The ABM Associate who alerted the AA on the OP then grabbed the fire extinguisher and put the fire out. There was a flame under the left wheel of the OP which ended up causing damage. 

Recordability rationale- NA

Training: AA was OP trained on 10/17/2025

Root Cause - Inadequate management of hazardous product. (Batteries)

Corrective actions – 1: Formulate plan to lessen pit vs battery events. 2: Conduct standdown with PIT operators to be aware of batteries while on the floor.
SIMBA – 541 Simba’s over last 2 weeks participated in 1. 
Adapt – No adapts ","Battery was ran over by OP 214","Contractor","False",,"Other","False","False","False",,,"aa4b5769-9689-4a37-b704-20a8ff6388bd","COMPLETED","2025-12-05 08:52:35.474","True","(HDC3-25-586) ","False","False","False",,"False","False",,"False",,,"True","False","False",,"Exposure to or contact with","Fire or flame","True","COMPLETED","2025-12-05 10:04:07.198","Inadequate maintenance","Inadequate preventive maintenance",,"Organizational - Workplace",,,"Poor housekeeping or area readiness",,,,,"N/A","WHITE_WITH_BLUE_BORDER"
"HMW3","AMZL","NA","US","Wisconsin","AMZL-NA-R2L","SSD DC","https://NA.ehs-amazon.com/incidents/incident/923524cd-1bad-420f-b68c-4d471960cc02/summary","HMW3-26-400","CLOSED","PENDING","C",0,"jackstyi","2026-04-10 02:02:14.722","2026-04-10 03:55:23.117",1,,"Electrical","2026-04-09 00:00:00","2026-04-09T23:52:00Z","2026-04-09 00:00:00","2026-04-09T23:55:00Z","2026-04-10 02:02:14.722","2026-04-10 02:02:14.722","Austin",,"Fire and Explosion Hazard","Safety","Fire","UNLIKELY","MINOR","LOW","UNLIKELY","MINOR",,,,"COMPLETED","2026-04-10 02:57:33.630","Employee",,,,"Amazon Warehouse Associate",,"HMW3-  HIGH RISK , PIT INCIDENT , FIRE/ SMOKE -On 04/09/2026 at approximately 0652pm. Amazon associate (AA) cgrhodes obtained OP 015 out of the pit parking lot at the Start of shift (SOS ) . Shortly after pulling off from the parking spot and out of the pit parking lot the OP 015 started to emit smoke from underneath the OP towards the back , shortly after that an object dislodged from under the OP later found to be a battery charger pack continued emitting lots of smoke . Safety , operations and RME all reported to the scene, by this time the smoking had ceased. The AA operating the OP did not notice the smoking under the OP and continued on driving. ","AA RAN OVER BATTERY PACK ","Other","False",,"Inbound Dock","False","False","False",,,"295395b1-2b8b-4a26-9689-970ac4bf8e68","COMPLETED","2026-04-10 03:44:19.932","False",,"False","False","False",,"False","False",,"True","Chargers","3.1 Chargers","True","False","False",,"Caught in or Between","Machinery Moving Parts","True",,,,,,,,,,,,,,,"WHITE_WITH_BLUE_BORDER"
"HDC3","AMZL","NA","US","Pennsylvania","AMZL-NA-R2L","SSD DC","https://NA.ehs-amazon.com/incidents/incident/a8f2b1f1-9175-47b4-8406-48d286de43a8/summary","HDC3-23-a8f2b1f1","CLOSED","PENDING","B",0,"crarix","2023-01-04 16:23:14.622","2025-02-06 21:05:40.704",0,,"Battery","2023-01-04 00:00:00","2023-01-04T14:55:00.197Z","2023-01-04 00:00:00","2023-01-04T14:55:00.222Z","2023-01-04 16:23:14.622","2023-01-04 16:23:14.622","Austin",,"Emergency Preparedness, Response, Fire Prevention","Management Standards","None","HIGHLY_UNLIKELY","SIGNIFICANT","LOW","HIGHLY_UNLIKELY","SIGNIFICANT","LOW","HIGHLY_UNLIKELY","SIGNIFICANT","COMPLETED","2025-02-06 21:55:57.680","Contractor",,"Independent","RME",,"RME - CBRE","on 1/4/2023 at 9:55am, two RME technicians were returning from a training exercise and were stopped by a manager and asked to move OP124 since it was alarming for low fuel. One RME technician donned their harness and logged into iwarehouse on the OP at 9:55am while the other RME and the manager were standing to the side observing. After moving the OP in reverse about 3ft, the RME technician noted hearing a popping noise and looked over to the side of the OP where there was a small explosion and fire. The RME technician on the OP quickly stepped off and tried to get away from the OP but forgot that they were still attached to their harness and lanyard, which stopped them. The RME technician was able to disconnect their harness and get away from OP without injury. 

While the RME technician was getting away from the OP, the other RME technician noticed the fire and quickly grabbed the nearest fire extinguisher nearby from emergency exit door #42. The RME technician was able to quickly put out the fire using the extinguisher. 

Security arrived at the scene at roughly 10:12am to open the nearby dock doors for additional ventilation due to the cloud of extinguishing agent.

After the fire was put out, the manager contacted the safety department. Safety and the OM on site arrived at the scene at 10:00am. RME roped off the area shortly after. GSOC was then called at 10:08am to notify them of the incident. US Ecology was called to clean up the fire extinguisher residue and are expected to be on site between 1:00pm and 2:00pm on 1/4/2023.



ACV arrived on site at 1:00pm and was on site cleaning up the fire extinguisher residue until 2:40pm when they departed the site.","on 1/4/2023 at 9:55am, RME was moving a PIT to get refueled and the operator ran over a lithium battery from a scanner that was on the floor. The battery exploded and a small fire started and was soon extinguished by the other nearby RME technician.","Contractor","False",,"Universal Station","False","False","False",,,,"COMPLETED","2025-02-06 21:43:51.072","True","{""id"":""tmp-7e11199b-65b2-46b5-aa45-52315e34c5d2""}","False","False","False",,"False","False",,"True","Electronic equipment","Scanner","True","False","False",,"Exposure to or contact with","Fire or flame","False",,,,,,,,,,,,,,,"YELLOW"
"HMD3","AMZL","NA","US","Maryland","AMZL-NA-R2L","SSD DC","https://NA.ehs-amazon.com/incidents/incident/11900880-cab4-44f5-8478-a0a91542fe51/summary","HMD3-23-10","CLOSED","PENDING","B",0,"emarkley","2023-06-29 16:22:31.868","2025-02-06 20:50:47.577",0,,"Battery","2023-06-29 00:00:00","2023-06-29T15:38:00.000Z","2023-06-29 00:00:00","2023-06-29T15:40:00.000Z","2023-06-29 16:22:31.868","2023-06-29 16:22:31.868","Austin",,"Thermal","Safety","Fire/Flame","UNLIKELY","SIGNIFICANT","MEDIUM","UNLIKELY","SIGNIFICANT",,,,"COMPLETED","2025-02-06 22:02:23.533","Contractor",,"Independent","RME",,"RME - JLL","Plug Power employee was working on an old battery. When attempting to check the equipment, an electrical component malfunctioned, causing the battery to radiate enough heat to catch fire. Contractors worked swiftly to extinguish the fire, then radioed RME. RME got in contact with WHS to investigate the scene. WHS had AM moved AA's from the second floor load to clear the area. WHSS also instructed RME to open several bay doors to ventilate the area, setting up cones and caution tape to bring awareness to the area. WHSS then proceed to work with Plug Power to set up a fire watch for the next hour to watch for re-flash and ensure that all means of power was isolated from the system, and fuel was drained from the battery.  ","Plug Power employee was working on a battery, and it shorted out","Contractor","False",,"Maintenance/IT","False","False","False",,,,"COMPLETED","2025-02-06 22:02:23.852","False",,"False","False","False",,"False","False",,"False",,,"False","False","False",,"Environmental","Air emission/pollution","True",,,,,,,,,,,,,,,"YELLOW"
"STX5","AMZL","NA","US","Texas","AMZL-NA-R2L","SSD FC","https://NA.ehs-amazon.com/incidents/incident/f3daa578-6269-4760-b69a-2478bd97c764/summary","STX5-22-f3daa578","CLOSED","PENDING","C",0,"drozmanu","2022-07-07 04:21:48.586","2025-02-06 20:56:07.790",0,,"Waste","2022-07-05 00:00:00","2022-07-07T02:20:07.883Z","2022-07-06 00:00:00","2022-07-07T04:20:07.887Z","2022-07-07 04:21:48.586","2022-07-07 04:21:48.586","Austin",,"Land and Soil","Environment","Other","UNLIKELY","MINOR","LOW","UNLIKELY","MINOR","LOW","UNLIKELY","MINOR","COMPLETED","2025-02-06 20:55:21.269","Contractor",,"Dependent","RME",,"RME - JLL","On 07/06/2022, at approximately 09:20 pm, a contractor escalated to the Operation Manager and security on site that there was a fire at the onsite parking lot. The exact location of the fire was at the bushes next to the smoker’s area. Fire department responded to the fire onsite at 23:15 and GSOC was notified of the incident. There were no injuries reported and the smoke did not affect the operation or personnel. Video footage of the incident is being review and root cause is pending further investigation.","RCA TBD - ","Contractor","False",,"Onsite Parking Lot","False","True","False",,,,,,,,,,,,,,,,,,,,,,,,,"COMPLETED","2025-02-06 21:00:59.852","Inadequate or missing standards or procedures","Other","On 07/06/2022, at approximately 09:20 pm, a contractor escalated to the Operation Manager and security on site that there was a fire at the onsite parking lot. The exact location of the fire was at the bushes next to the smoker’s area. Fire department responded to the fire onsite at 23:15 and GSOC was notified of the incident. There were no injuries reported and the smoke did not affect the operation or personnel. Video footage of the incident is being review and root cause is pending further investigation.","Human - Behaviour","Improper object placement / storage",,,,,,,"N/A","YELLOW"
